ID,X,Y,Z,Ready,Due,Service
1,18,18,13.9366971208029,0,45,3
2,40,18,12.0682339808036,8,53,3
3,62,18,13.3752221052778,16,61,3
4,76,18,9.35674812929451,24,69,3
5,84,38,9.62149729651107,32,77,3
6,66,38,9.6127983823447,40,85,3
7,48,38,11.24242833592,48,93,3
8,20,38,15.8612929256412,56,101,3
9,18,58,18.9730337872137,64,109,3
10,38,58,15.3605778154851,72,117,3
11,54,58,11.7798905517022,80,125,3
12,80,58,9.0458826986103,88,133,3
13,80,84,15.5706183832064,96,141,3
14,50,84,11.0955681959172,104,149,3
15,32,84,18.2053407633522,112,157,3
16,22,84,25.8681560394657,120,165,3
17,38,74,19.6042096097199,128,173,3
18,48,68,13.5141280823029,136,181,3
19,52,30,13.2425203365018,144,189,3
20,38,44,12.0329854480347,152,197,3
