Function,Algorithm,Run,TracingFEShare,MeanFEPerRound,TraceFreeRoundRate,Action1Share,Action2Share,Action3Share,Action4Share,SeekingDominantShare,BalancedShare,TracingDominantShare,Top5CatSelectionShare,NeverSelectedCats
F03,DSS-RLCSO-V1,1,0.251778629771629,4.59531506135768,0.247652168584254,0.0730930093606851,0.0688952553123037,0.072035910713465,0.785975824613546,0.436152773734929,0.179431005162931,0.38441622110214,0.997957286868419,0
F03,DSS-RLCSO-V3,1,0.0880446741123521,4.94860838433999,0.615660006929207,0.0885783577780344,0.0710078695989309,0.0718987675911108,0.768515005031924,0.280335901539274,0.423424017949945,0.296240080510781,0.113848590503635,0
F03,DSS-RLCSO-V1,2,0.250981830305051,4.59573750900149,0.250754592673173,0.0741262812753765,0.0722876798382031,0.0691467357163651,0.784439303170055,0.447684128273094,0.179707968805062,0.372607902921844,0.997599591419816,0
F03,DSS-RLCSO-V3,2,0.0885214202367061,4.94999669945211,0.611789557066473,0.0833223315070302,0.0701861509010496,0.0704997029506898,0.77599181464123,0.285051818601888,0.427883028582745,0.287065152815367,0.11185068239203,0
F03,DSS-RLCSO-V1,3,0.250565094182364,4.59947250590364,0.248060232465422,0.078112061827215,0.0695556168920784,0.0732664765234459,0.779065844757261,0.439092832827307,0.182568160210998,0.378339006961695,0.997674323509267,0
F03,DSS-RLCSO-V3,3,0.0877846307717953,4.95114060281932,0.614159321250537,0.0835891849064078,0.0712918028457298,0.0729259516027863,0.772193060645076,0.262124063253111,0.425538938958767,0.312336997788122,0.113538199125148,0
F05,DSS-RLCSO-V1,1,0.252012002000333,4.59355569849,0.248751876014579,0.0698336855646421,0.069113908542375,0.0733100554381451,0.787742350454838,0.46523630126497,0.17836687187969,0.35639682685534,0.998427713088268,0
F05,DSS-RLCSO-V3,1,0.0909751625270878,4.94975164606677,0.599910889618641,0.0761233683724154,0.0688790244063433,0.069044043631083,0.785953563590158,0.322843611280714,0.404016567930164,0.273139820789122,0.11213118000396,0
F05,DSS-RLCSO-V1,2,0.251755292548758,4.5951038666585,0.247993136834365,0.0689686868067896,0.0703627673264293,0.071082786935474,0.789585758931307,0.462007475948281,0.175562228077701,0.362430295974018,0.990261812722454,0
F05,DSS-RLCSO-V3,2,0.0905950991831972,4.94958829062227,0.602003267272817,0.0820778535007673,0.0694542994340027,0.0699658421478193,0.778502004917411,0.319565683734592,0.404547779739608,0.2758865365258,0.114640572487803,0
F05,DSS-RLCSO-V1,3,0.251401900316719,4.59778043471596,0.246328826757411,0.0762439069254116,0.068395720285723,0.0704650663723597,0.784895306416506,0.465940096262914,0.177473251785769,0.356586651951317,0.992749624452007,0
F05,DSS-RLCSO-V3,3,0.0906317719619937,4.95122233043363,0.599990095904657,0.0787375579802248,0.0700219540780113,0.0706327066241891,0.780607781317575,0.321833578184579,0.406348525115135,0.271817896700286,0.114453455998063,0
F10,DSS-RLCSO-V1,1,0.252975495915986,4.59130567886117,0.247114648706567,0.0719424460431655,0.0684677789683147,0.0727537119240778,0.786836063064442,0.431256696770243,0.184800244910455,0.383943058319302,0.982478519093006,0
F10,DSS-RLCSO-V3,1,0.0872912152025338,4.94934327767144,0.618556530922051,0.0769916177150023,0.0706059006006204,0.0695333641343806,0.782869117549997,0.24910896970497,0.422645369942578,0.328245660352452,0.114322015719621,0
F10,DSS-RLCSO-V1,2,0.25071178529755,4.59876732491108,0.248175518214154,0.0712774438856863,0.0704495277811848,0.0697749294738133,0.788498098859316,0.437446338771005,0.180470379001595,0.382083282227401,0.905856799713804,0
F10,DSS-RLCSO-V3,2,0.0881080180030005,4.94828183512876,0.615701865813221,0.0719435141956877,0.068842074005642,0.0698648893874656,0.789349522411205,0.236039394889222,0.417407657917746,0.346552947193032,0.111910915589772,0
F10,DSS-RLCSO-V1,3,0.252202033672279,4.59404818428267,0.247277572712931,0.0732872830864897,0.0691825825917814,0.0687690493329862,0.788761084988743,0.426567214470601,0.181510468517866,0.391922317011533,0.472691349452704,0
F10,DSS-RLCSO-V3,3,0.0882247041173529,4.94836346839118,0.615052131450442,0.0754916193744226,0.0696845717302362,0.0683812854691831,0.786442523426158,0.238402402006071,0.412069420615019,0.34952817737891,0.113705477681787,0
F13,DSS-RLCSO-V1,1,0.25200533422237,4.59552627547112,0.246345947602267,0.0697870384556458,0.0685920024513559,0.0718094070782902,0.789811552014708,0.473479393289413,0.179270721617895,0.347249885092692,0.820018487403541,0
F13,DSS-RLCSO-V3,1,0.0913152192032005,4.94926161207821,0.598745978054616,0.0757198250969392,0.0712152462668097,0.0689712069961224,0.784093721640129,0.318257569507466,0.410362181338173,0.27138024915436,0.114133125061876,0
F13,DSS-RLCSO-V1,2,0.25109184864144,4.59778043471596,0.2477237193047,0.0717373310034029,0.0695760139795824,0.0683344063276005,0.790352248689414,0.478739385021,0.179052086207425,0.342208528771575,0.95396320121811,0
F13,DSS-RLCSO-V3,2,0.0912618769794966,4.94917994917995,0.599082599082599,0.0802230802230802,0.0693825693825694,0.0702075702075702,0.78018678018678,0.317905817905818,0.402649902649903,0.279444279444279,0.11076521997393,0
F13,DSS-RLCSO-V1,3,0.250345057509585,4.59848531305574,0.250275955111302,0.0730821119764518,0.0692800637762924,0.0707671552094193,0.786870669037837,0.475118047464279,0.175139510639603,0.349742441896118,0.995579585349775,0
F13,DSS-RLCSO-V3,3,0.0914352392065344,4.94803695150115,0.599538106235566,0.0789508413064995,0.0702573408116133,0.0706862421643022,0.780105575717585,0.295496535796767,0.411365885846255,0.293137578356978,0.114555152314968,0
F15,DSS-RLCSO-V1,1,0.251278546424404,4.59594876195146,0.249126624172591,0.0740224319686198,0.0686136307918608,0.0709886001470949,0.786375337092425,0.480417994606521,0.180053321892621,0.339528683500858,0.903958813224305,0
F15,DSS-RLCSO-V3,1,0.0906151025170862,4.94828183512876,0.603263111008463,0.0880116139036904,0.0697824042760282,0.0712011481927512,0.77100483362753,0.348186152399492,0.400498210073082,0.251315637527426,0.116260654385483,0
F15,DSS-RLCSO-V1,2,0.251921986997833,4.59594876195146,0.246200049031625,0.0698087766609463,0.0700845795538122,0.0668055896052954,0.793301054179946,0.489059818582986,0.176942878156411,0.333997303260603,0.955978568984274,0
F15,DSS-RLCSO-V3,2,0.0911085180863477,4.94885332453391,0.600164989275697,0.0741626794258373,0.0693119947203432,0.069773964692295,0.786751361161525,0.36667216630919,0.390925589836661,0.242402243854149,0.111434982510944,0
F15,DSS-RLCSO-V1,3,0.251698616436073,4.59601918391738,0.247123178523819,0.072230819913274,0.0688904892511837,0.0709590426428451,0.787919648192697,0.479444708333972,0.178110108330907,0.342445183335121,0.990249657793123,0
F15,DSS-RLCSO-V3,3,0.0901283547257876,4.95138579375691,0.602353951039139,0.0893048746265207,0.0700077584641542,0.0709816933260701,0.769705673583255,0.360256854685617,0.398652998563859,0.241090146750524,0.118407368890209,0
F19,DSS-RLCSO-V1,1,0.250608434739123,4.5991904075562,0.248152350578061,0.0738293109264314,0.0690300223864577,0.0694746849029409,0.78766598178417,0.47634088748505,0.176883682418964,0.346775430095986,0.757391913234144,0
F19,DSS-RLCSO-V3,1,0.089151525254209,4.95073200521564,0.607869675012792,0.105435159357618,0.0733820786637397,0.0700150197237031,0.751167742254939,0.352980012213841,0.39897997920346,0.248040008582699,0.126628521126761,0
F19,DSS-RLCSO-V1,2,0.251125187531255,4.59580792449361,0.250022982870101,0.0699138908466889,0.0706493426899151,0.0684736309870377,0.790963135476358,0.489060153832011,0.179572825054393,0.331367021113597,0.985730118438995,0
F19,DSS-RLCSO-V3,2,0.0898549758293049,4.9508137193411,0.604281517182187,0.0836331825834351,0.0691743967253161,0.0704783283266761,0.776714092364573,0.367939788069851,0.395272835308487,0.236787376621662,0.114185423394972,0
F19,DSS-RLCSO-V1,3,0.250655109184864,4.59778043471596,0.249716422943683,0.0774548575983323,0.0695147000214599,0.0715840461080965,0.781446396272111,0.465204328765443,0.179527269382875,0.355268401851682,0.99149775436481,0
F19,DSS-RLCSO-V3,3,0.0910218369728288,4.94836346839118,0.601161409528837,0.0861818661739475,0.0699320311468919,0.0708228850468523,0.773063217632308,0.313762043024944,0.407351194404118,0.278886762570938,0.114607334737444,0
F25,DSS-RLCSO-V1,1,0.252042007001167,4.59236010104876,0.250111000535865,0.0822016382148052,0.0686825384674271,0.0807165275970298,0.768399295720738,0.487345938911429,0.180050524381842,0.332603536706729,0.969149348793533,0
F25,DSS-RLCSO-V3,1,0.0897249541590265,4.95277566791057,0.602803738317757,0.105445658994089,0.0735444668273835,0.0739242429246062,0.747085631253922,0.31174663980714,0.402711271094085,0.285542089098775,0.122420673143077,0
F25,DSS-RLCSO-V1,2,0.248814802467078,4.60046012269939,0.25478527607362,0.0785122699386503,0.0713036809815951,0.066978527607362,0.783205521472393,0.491165644171779,0.179570552147239,0.329263803680982,0.993138989151218,0
F25,DSS-RLCSO-V3,2,0.0860476746124354,4.95490286771508,0.618673186203251,0.135952160697767,0.0704374256640677,0.0731300383243029,0.720480375313863,0.323757763975155,0.397746795295361,0.278495440729483,0.120044932188737,0
F25,DSS-RLCSO-V1,3,0.249701616936156,4.60102466560314,0.250046017916309,0.0775862068965517,0.0694103570990306,0.0707755552828568,0.782227880721561,0.467756779973003,0.179623266658486,0.352619953368511,0.527260641697558,0
F25,DSS-RLCSO-V3,3,0.0894882480413402,4.95220327230101,0.604632732916178,0.120391619475309,0.0702999884429329,0.0795951724479519,0.729713219633806,0.319288745067609,0.393584176724067,0.287127078208324,0.121145580522489,0
F28,DSS-RLCSO-V1,1,0.252435405900984,4.59362604713846,0.246749467816286,0.0719175459822044,0.0695437768963352,0.0708455212337473,0.787693155887713,0.480527436176241,0.180237989494157,0.339234574329602,0.997447547092756,0
F28,DSS-RLCSO-V3,1,0.0897816302717119,4.95146752946614,0.603915612928786,0.115652547129321,0.0714946020007263,0.0714615867146489,0.741391264155304,0.30965036812044,0.396546601076298,0.293803030803262,0.119708583471356,0
F28,DSS-RLCSO-V1,2,0.249891648608101,4.59763948497854,0.25344880441447,0.0860821581851625,0.0721796443899448,0.0685009196811772,0.773237277743716,0.462982832618026,0.180395462906193,0.356621704475782,0.921157776415287,0
F28,DSS-RLCSO-V3,2,0.0887081180196699,4.95187624849355,0.60878609281363,0.112954616743434,0.0712528684397339,0.0723259538078022,0.74346656100903,0.289700031367111,0.413071830683638,0.297228137949251,0.127378685655796,0
F28,DSS-RLCSO-V1,3,0.249308218036339,4.60130698901638,0.251534024667117,0.0860587838252439,0.0694913174203841,0.0710560225808431,0.773393876173529,0.480747990427686,0.177501994232067,0.341750015340247,0.896294288796961,0
F28,DSS-RLCSO-V3,3,0.0902150358393066,4.95154926787395,0.601697013718078,0.109364940488964,0.0696964194331182,0.0736087954174026,0.747329844660515,0.311372303019298,0.403552503425392,0.28507519355531,0.115269905904364,0
F30,DSS-RLCSO-V1,1,0.251521920320053,4.59432965215127,0.25003446321626,0.0814404092698393,0.0678695605557002,0.0704581310214897,0.780231899152971,0.472942545989247,0.177631075099177,0.349426378911575,0.98165015827632,0
F30,DSS-RLCSO-V3,1,0.0904084014002334,4.94950661694334,0.602966898782218,0.0856077357182931,0.0699316854229233,0.0699976898452196,0.774462889013564,0.320286459192766,0.411521071911818,0.268192468895416,0.112571161409202,0
F30,DSS-RLCSO-V1,2,0.249211535255876,4.60053068298594,0.252902651881164,0.0826086289667019,0.0708906578321753,0.0723170600776085,0.774183653123514,0.474363103728585,0.178008865166644,0.347628031104772,0.997372134399476,0
F30,DSS-RLCSO-V3,2,0.0897516252708785,4.94926161207821,0.606484613480736,0.093969144460028,0.0679316888045541,0.0698622225888953,0.768236944146523,0.309792921376124,0.413398234469103,0.276808844154773,0.118302220951082,0
F30,DSS-RLCSO-V1,3,0.251455242540423,4.59813284687198,0.245611883555869,0.0729692027041528,0.0693973908911134,0.0742875538454463,0.783345852559287,0.469823555562369,0.176888997899836,0.353287446537795,0.994338215004752,0
F30,DSS-RLCSO-V3,3,0.0891681946991165,4.94958829062227,0.608999851487599,0.0924077160442897,0.0713519578884837,0.0713024537548885,0.764937872312338,0.301166647415059,0.408475107671491,0.29035824491345,0.117325441964335,0
