ID,X,Y,Ready,Due,Service,AppointmentCenter,BaseWidth,UrgencyClass
1,18,18,3.0,147.0,3,75,120,1
2,40,18,0,191.0,3,95,160,2
3,62,18,0,235.0,3,115,200,3
4,76,18,3.0,147.0,3,75,120,1
5,84,38,0,191.0,3,95,160,2
6,66,38,0,235.0,3,115,200,3
7,48,38,3.0,147.0,3,75,120,1
8,20,38,0,191.0,3,95,160,2
9,18,58,0,235.0,3,115,200,3
10,38,58,3.0,147.0,3,75,120,1
11,54,58,0,191.0,3,95,160,2
12,80,58,0,235.0,3,115,200,3
13,80,84,3.0,147.0,3,75,120,1
14,50,84,0,191.0,3,95,160,2
15,32,84,0,235.0,3,115,200,3
16,22,84,3.0,147.0,3,75,120,1
17,38,74,0,191.0,3,95,160,2
18,48,68,0,235.0,3,115,200,3
19,52,30,3.0,147.0,3,75,120,1
20,38,44,0,191.0,3,95,160,2
