Function,FunctionID,Algorithm,Run,InitSeed,SearchSeed,Evaluations,BestCost,BestError,Seconds,TracingFEShare,GeneratedTracingCatShare,SelectedTracingCatShare,CandidateEvaluations,BudgetFillRate,ModeAllocationError,TraceFreeRoundRate,BalancedModeRate
F03,3,ModeBudget-NoScreen,1,20271005,20371005,300000,100392.750524635,100092.750524635,4.8905386,0.373155525920987,0.401223537256208,0.691028220855184,299950,1,0,0,0.342890481746958
F03,3,ModeBudget-SS,1,20271005,20371005,300000,10283.2804328424,9983.28043284236,34.3481376,0.4,0.399666611101849,0.666666666666656,299950,1,0,0,0.158676446074346
F03,3,DSS-CSO,1,20271005,20371005,300000,13572.6972125615,13272.6972125615,41.1026503,0.4,0.400368061343557,0.5,299950,1,0,0,0.258809801633606
F03,3,DSS-Random,1,20271005,20371005,300000,21313.5907760813,21013.5907760813,41.7059157,0.399519919986664,0.399678613102178,0.527264266266562,299950,1,0,0,0.262927154525754
F03,3,DSS-Q,1,20271005,20371005,300000,16348.2249946909,16048.2249946909,39.8538677,0.431678613102184,0.431594265710953,0.558216647218961,299950,1,0,0,0.244407401233539
F03,3,ModeBudget-NoScreen,2,20271006,20371006,300000,77535.1476288765,77235.1476288765,7.3197987,0.372885480913486,0.40142690448408,0.690812360822352,299950,1,0,0,0.346724454075679
F03,3,ModeBudget-SS,2,20271006,20371006,300000,16021.2147770431,15721.2147770431,36.9135656,0.4,0.400014002333721,0.666666666666656,299950,1,0,0,0.157926321053509
F03,3,DSS-CSO,2,20271006,20371006,300000,4806.090426791,4506.090426791,41.1504897,0.4,0.399929988331387,0.5,299950,1,0,0,0.228654775795966
F03,3,DSS-Random,2,20271006,20371006,300000,18738.8129641199,18438.8129641199,49.5809712,0.401190198366394,0.401544924154021,0.529017336222666,299950,1,0,0,0.270028338056343
F03,3,DSS-Q,2,20271006,20371006,300000,22131.9303063309,21831.9303063309,52.7785542,0.436469411568595,0.436385730955156,0.562242318164122,299950,1,0,0,0.240073345557593
F03,3,ModeBudget-NoScreen,3,20271007,20371007,300000,47184.4671152637,46884.4671152637,6.6276151,0.372422070345058,0.39991331888648,0.69041407386893,299950,1,0,0,0.333555592598766
F03,3,ModeBudget-SS,3,20271007,20371007,300000,7930.58049138128,7630.58049138128,42.2009138,0.4,0.400051675279212,0.666666666666656,299950,1,0,0,0.15665944324054
F03,3,DSS-CSO,3,20271007,20371007,300000,17571.2085221087,17271.2085221087,42.9021039,0.4,0.400445074179028,0.5,299950,1,0,0,0.249491581930322
F03,3,DSS-Random,3,20271007,20371007,300000,14268.5210755717,13968.5210755717,43.3967291,0.401146857809635,0.401686947824634,0.52891731955322,299950,1,0,0,0.235472578763127
F03,3,DSS-Q,3,20271007,20371007,300000,15038.9827672337,14738.9827672337,52.2979426,0.434559093182197,0.434534422403729,0.560083625048605,299950,1,0,0,0.239223203867311
F05,5,ModeBudget-NoScreen,1,20271005,20371005,300000,837.950375638957,337.950375638957,6.3669714,0.373155525920987,0.401223537256208,0.691028220855184,299950,1,0,0,0.33472245374229
F05,5,ModeBudget-SS,1,20271005,20371005,300000,725.537971912615,225.537971912615,42.6898681,0.4,0.399666611101849,0.666666666666656,299950,1,0,0,0.109451575262544
F05,5,DSS-CSO,1,20271005,20371005,300000,676.509427547756,176.509427547756,53.5299467,0.4,0.400368061343557,0.5,299950,1,0,0,0.268144690781797
F05,5,DSS-Random,1,20271005,20371005,300000,620.434787622516,120.434787622516,53.9857228,0.399519919986664,0.399678613102178,0.527264266266562,299950,1,0,0,0.23565594265711
F05,5,DSS-Q,1,20271005,20371005,300000,683.770249776772,183.770249776772,45.9957879,0.444467411235206,0.444513085514253,0.572919097627366,299950,1,0,0,0.237156192698783
F05,5,ModeBudget-NoScreen,2,20271006,20371006,300000,775.968523542598,275.968523542598,6.8589293,0.372885480913486,0.40142690448408,0.690812360822352,299950,1,0,0,0.335889314885814
F05,5,ModeBudget-SS,2,20271006,20371006,300000,647.334663016859,147.334663016859,41.1380145,0.4,0.400014002333721,0.666666666666656,299950,1,0,0,0.102283713952325
F05,5,DSS-CSO,2,20271006,20371006,300000,684.682714945881,184.682714945881,45.3239937,0.4,0.399929988331387,0.5,299950,1,0,0,0.254359059843307
F05,5,DSS-Random,2,20271006,20371006,300000,711.899910785511,211.899910785511,46.3547986,0.401190198366394,0.401544924154021,0.529017336222666,299950,1,0,0,0.245707617936323
F05,5,DSS-Q,2,20271006,20371006,300000,640.397948480776,140.397948480776,46.7119032,0.443323887314552,0.44345024170695,0.571711951991979,299950,1,0,1.66694449074846e-05,0.248058009668278
F05,5,ModeBudget-NoScreen,3,20271007,20371007,300000,772.32883824782,272.32883824782,6.4724151,0.372422070345058,0.39991331888648,0.69041407386893,299950,1,0,0,0.320553425570928
F05,5,ModeBudget-SS,3,20271007,20371007,300000,663.550196398982,163.550196398982,47.1466765,0.4,0.400051675279212,0.666666666666656,299950,1,0,0,0.152175362560427
F05,5,DSS-CSO,3,20271007,20371007,300000,664.579105864778,164.579105864778,47.4018297,0.4,0.400445074179028,0.5,299950,1,0,0,0.234172362060343
F05,5,DSS-Random,3,20271007,20371007,300000,737.062442863224,237.062442863224,53.7034161,0.401146857809635,0.401686947824634,0.52891731955322,299950,1,0,0,0.235889314885814
F05,5,DSS-Q,3,20271007,20371007,300000,726.230954690519,226.230954690519,42.0591444,0.448444740790132,0.448422070345059,0.577532366505514,299950,1,0,1.66694449074846e-05,0.234739123187198
F13,13,ModeBudget-NoScreen,1,20271005,20371005,300000,376581622.577761,376580322.577761,6.9617269,0.373155525920987,0.401223537256208,0.691028220855184,299950,1,0,0,0.339389898316386
F13,13,ModeBudget-SS,1,20271005,20371005,300000,21912.7038330982,20612.7038330982,39.0001215,0.4,0.399666611101849,0.666666666666656,299950,1,0,0,0.163260543423904
F13,13,DSS-CSO,1,20271005,20371005,300000,28630.3793240357,27330.3793240357,48.690146,0.4,0.400368061343557,0.5,299950,1,0,0,0.31371895315886
F13,13,DSS-Random,1,20271005,20371005,300000,46531.4453458276,45231.4453458276,53.7814632,0.399519919986664,0.399678613102178,0.527264266266562,299950,1,0,0,0.322553758959827
F13,13,DSS-Q,1,20271005,20371005,300000,60276.2374631891,58976.2374631891,53.0577658,0.415102517086181,0.415229538256368,0.536861699172064,299950,1,0,1.66694449074846e-05,0.289648274712452
F13,13,ModeBudget-NoScreen,2,20271006,20371006,300000,325930825.636279,325929525.636279,5.85978,0.372885480913486,0.40142690448408,0.690812360822352,299950,1,0,0,0.337389564927488
F13,13,ModeBudget-SS,2,20271006,20371006,300000,39995.129089966,38695.129089966,43.7270927,0.4,0.400014002333721,0.666666666666656,299950,1,0,0,0.219769961660277
F13,13,DSS-CSO,2,20271006,20371006,300000,14808.6444558682,13508.6444558682,44.2953775,0.4,0.399929988331387,0.5,299950,1,0,0,0.310651775295883
F13,13,DSS-Random,2,20271006,20371006,300000,22576.8511769523,21276.8511769523,48.7595857,0.401190198366394,0.401544924154021,0.529017336222666,299950,1,0,0,0.29674945824304
F13,13,DSS-Q,2,20271006,20371006,300000,87725.1264401612,86425.1264401612,47.2659393,0.420103350558426,0.420307051175192,0.543964271823061,299950,1,0,0,0.327087847974662
F13,13,ModeBudget-NoScreen,3,20271007,20371007,300000,216553504.833788,216552204.833788,5.9133414,0.372422070345058,0.39991331888648,0.69041407386893,299950,1,0,0,0.341556926154359
F13,13,ModeBudget-SS,3,20271007,20371007,300000,79686.6099753555,78386.6099753555,44.4073694,0.4,0.400051675279212,0.666666666666656,299950,1,0,0,0.247207867977996
F13,13,DSS-CSO,3,20271007,20371007,300000,54423.5334483509,53123.5334483509,50.1545145,0.4,0.400445074179028,0.5,299950,1,0,0,0.304100683447241
F13,13,DSS-Random,3,20271007,20371007,300000,44993.8952579912,43693.8952579912,45.4121259,0.401146857809635,0.401686947824634,0.52891731955322,299950,1,0,0,0.306234372395399
F13,13,DSS-Q,3,20271007,20371007,300000,67087.2116956918,65787.2116956918,49.7070862,0.414659109851642,0.415312552092008,0.536989498249686,299950,1,0,0,0.326521086847808
F15,15,ModeBudget-NoScreen,1,20271005,20371005,300000,39212728.3099342,39211228.3099342,5.7035148,0.373155525920987,0.401223537256208,0.691028220855184,299950,1,0,0,0.334055675945991
F15,15,ModeBudget-SS,1,20271005,20371005,300000,19053.2688652224,17553.2688652224,43.2083692,0.4,0.399666611101849,0.666666666666656,299950,1,0,0,0.193348891481914
F15,15,DSS-CSO,1,20271005,20371005,300000,16533.5573236629,15033.5573236629,43.6478801,0.4,0.400368061343557,0.5,299950,1,0,0,0.343757292882147
F15,15,DSS-Random,1,20271005,20371005,300000,9055.10576944334,7555.10576944334,52.9164162,0.399519919986664,0.399678613102178,0.527264266266562,299950,1,0,0,0.345007501250208
F15,15,DSS-Q,1,20271005,20371005,300000,2912.6437173244,1412.6437173244,56.8221433,0.402060343390565,0.402175695949322,0.52566816691668,299950,1,0,3.33388898149692e-05,0.344607434572429
F15,15,ModeBudget-NoScreen,2,20271006,20371006,300000,76347181.4193651,76345681.4193651,6.3436612,0.372885480913486,0.40142690448408,0.690812360822352,299950,1,0,0,0.342223703950658
F15,15,ModeBudget-SS,2,20271006,20371006,300000,50685.2181361766,49185.2181361766,46.073061,0.4,0.400014002333721,0.666666666666656,299950,1,0,0,0.340006667777963
F15,15,DSS-CSO,2,20271006,20371006,300000,20188.2576217124,18688.2576217124,47.1948448,0.4,0.399929988331387,0.5,299950,1,0,0,0.352725454242374
F15,15,DSS-Random,2,20271006,20371006,300000,37650.4520128961,36150.4520128961,46.1103897,0.401190198366394,0.401544924154021,0.529017336222666,299950,1,0,0,0.326437739623271
F15,15,DSS-Q,2,20271006,20371006,300000,19230.6827186544,17730.6827186544,56.423066,0.411698616436073,0.41206934489081,0.5362629882758,299950,1,0,0,0.341606934489082
F15,15,ModeBudget-NoScreen,3,20271007,20371007,300000,79680488.3859726,79678988.3859726,5.9318303,0.372422070345058,0.39991331888648,0.69041407386893,299950,1,0,0,0.32922153692282
F15,15,ModeBudget-SS,3,20271007,20371007,300000,11808.2155804328,10308.2155804328,35.5543283,0.4,0.400051675279212,0.666666666666656,299950,1,0,0,0.304000666777796
F15,15,DSS-CSO,3,20271007,20371007,300000,24926.9869439832,23426.9869439832,43.5656234,0.4,0.400445074179028,0.5,299950,1,0,0,0.350308384730788
F15,15,DSS-Random,3,20271007,20371007,300000,25710.9115632871,24210.9115632871,44.4925499,0.401146857809635,0.401686947824634,0.52891731955322,299950,1,0,0,0.32193698949825
F15,15,DSS-Q,3,20271007,20371007,300000,15546.8324953322,14046.8324953322,43.3798368,0.404970828471412,0.405101516919478,0.529364616324908,299950,1,0,0,0.319319886647775
F19,19,ModeBudget-NoScreen,1,20271005,20371005,300000,86554310.2446314,86552410.2446314,14.1229859,0.373155525920987,0.401223537256208,0.691028220855184,299950,1,0,0,0.339389898316386
F19,19,ModeBudget-SS,1,20271005,20371005,300000,17814.6304210104,15914.6304210104,48.6405244,0.4,0.399666611101849,0.666666666666656,299950,1,0,0,0.261260210035006
F19,19,DSS-CSO,1,20271005,20371005,300000,10241.5182788903,8341.5182788903,53.9076946,0.4,0.400368061343557,0.5,299950,1,0,0,0.317819636606101
F19,19,DSS-Random,1,20271005,20371005,300000,6415.47077344727,4515.47077344727,52.3463232,0.399519919986664,0.399678613102178,0.527264266266562,299950,1,0,0,0.346607767961327
F19,19,DSS-Q,1,20271005,20371005,300000,2475.73835402601,575.738354026009,55.7985451,0.410975162527088,0.411316219369891,0.534511307440102,299950,1,0,0,0.325120853475579
F19,19,ModeBudget-NoScreen,2,20271006,20371006,300000,122987024.985388,122985124.985388,14.6725445,0.372885480913486,0.40142690448408,0.690812360822352,299950,1,0,0,0.341556926154359
F19,19,ModeBudget-SS,2,20271006,20371006,300000,45111.4370189507,43211.4370189507,54.3787273,0.4,0.400014002333721,0.666666666666656,299950,1,0,0,0.303600600100017
F19,19,DSS-CSO,2,20271006,20371006,300000,16434.6364276124,14534.6364276124,54.4621966,0.4,0.399929988331387,0.5,299950,1,0,0,0.319386564427405
F19,19,DSS-Random,2,20271006,20371006,300000,104213.647512838,102313.647512838,61.3833966,0.401190198366394,0.401544924154021,0.529017336222666,299950,1,0,0,0.351058509751625
F19,19,DSS-Q,2,20271006,20371006,300000,5410.37486119604,3510.37486119604,50.1922616,0.404640773462244,0.404767461243536,0.528651997555124,299950,1,0,0,0.315452575429238
F19,19,ModeBudget-NoScreen,3,20271007,20371007,300000,85997790.7720495,85995890.7720495,14.5265608,0.372422070345058,0.39991331888648,0.69041407386893,299950,1,0,0,0.338389731621937
F19,19,ModeBudget-SS,3,20271007,20371007,300000,3611.68572825953,1711.68572825953,45.3497252,0.4,0.400051675279212,0.666666666666656,299950,1,0,0,0.298033005500917
F19,19,DSS-CSO,3,20271007,20371007,300000,20361.0888992314,18461.0888992314,55.3317943,0.4,0.400445074179028,0.5,299950,1,0,0,0.328771461910318
F19,19,DSS-Random,3,20271007,20371007,300000,33328.4569724523,31428.4569724523,61.5279836,0.401146857809635,0.401686947824634,0.52891731955322,299950,1,0,0,0.347474579096516
F19,19,DSS-Q,3,20271007,20371007,300000,17926.4050721121,16026.4050721121,59.9348726,0.420036672778796,0.420295049174857,0.543912874367932,299950,1,0,0,0.301583597266211
F30,30,ModeBudget-NoScreen,1,20271005,20371005,300000,59606854.624622,59603854.624622,15.1707331,0.373155525920987,0.401223537256208,0.691028220855184,299950,1,0,0,0.322720453408901
F30,30,ModeBudget-SS,1,20271005,20371005,300000,17739.6652982648,14739.6652982648,56.8287662,0.4,0.399666611101849,0.666666666666656,299950,1,0,0,0.216352725454242
F30,30,DSS-CSO,1,20271005,20371005,300000,23564.7291057235,20564.7291057235,59.7648248,0.4,0.400368061343557,0.5,299950,1,0,0,0.292032005334222
F30,30,DSS-Random,1,20271005,20371005,300000,60370.648164732,57370.648164732,62.5525197,0.399519919986664,0.399678613102178,0.527264266266562,299950,1,0,0,0.30251708618103
F30,30,DSS-Q,1,20271005,20371005,300000,70285.6193150411,67285.6193150411,57.5367356,0.414522420403401,0.414846141023499,0.536731121853624,299950,1,0,0,0.277029504917486
F30,30,ModeBudget-NoScreen,2,20271006,20371006,300000,56610782.4148963,56607782.4148963,16.4079811,0.372885480913486,0.40142690448408,0.690812360822352,299950,1,0,0,0.354392398733122
F30,30,ModeBudget-SS,2,20271006,20371006,300000,52724.5821930578,49724.5821930578,58.1588332,0.4,0.400014002333721,0.666666666666656,299950,1,0,0,0.240673445574262
F30,30,DSS-CSO,2,20271006,20371006,300000,20155.5065778278,17155.5065778278,63.9956035,0.4,0.399929988331387,0.5,299950,1,0,0,0.271528588098016
F30,30,DSS-Random,2,20271006,20371006,300000,183072.593631515,180072.593631515,58.3122576,0.401190198366394,0.401544924154021,0.529017336222666,299950,1,0,0,0.306734455742624
F30,30,DSS-Q,2,20271006,20371006,300000,75551.168405914,72551.168405914,61.674239,0.418176362727121,0.418197699616592,0.541011001833623,299950,1,0,1.66694449074846e-05,0.278613102183697
F30,30,ModeBudget-NoScreen,3,20271007,20371007,300000,41369645.3099795,41366645.3099795,15.8860264,0.372422070345058,0.39991331888648,0.69041407386893,299950,1,0,0,0.339389898316386
F30,30,ModeBudget-SS,3,20271007,20371007,300000,11199.5203498135,8199.5203498135,55.5664838,0.4,0.400051675279212,0.666666666666656,299950,1,0,0,0.120220036672779
F30,30,DSS-CSO,3,20271007,20371007,300000,20720.8911132352,17720.8911132352,54.55528,0.4,0.400445074179028,0.5,299950,1,0,0,0.292215369228205
F30,30,DSS-Random,3,20271007,20371007,300000,138801.025968348,135801.025968348,57.1668919,0.401146857809635,0.401686947824634,0.52891731955322,299950,1,0,0,0.285830971828638
F30,30,DSS-Q,3,20271007,20371007,300000,33853.6703354368,30853.6703354368,57.5242597,0.40189364894149,0.401741290215026,0.523997055064712,299950,1,0,0,0.300950158359727
