Function,FunctionID,Dimension,Algorithm,Run,InitSeed,SearchSeed,Evaluations,BestCost,BestError,Seconds,FirstImprovementFE
F01,1,30,PSO,1,20271005,20371005,300000,1594.29205645576,1494.29205645576,1.0691002,55
F01,1,30,CSO,1,20271005,20371005,300000,16016797223.2212,16016797123.2212,1.5490296,94
F01,1,30,DSS-MAQLCSO,1,20271005,20371005,300000,32681.8992137669,32581.8992137669,18.0169345,56
F01,1,30,PSO,2,20271006,20371006,300000,2609199933.09867,2609199833.09867,1.3651437,51
F01,1,30,CSO,2,20271006,20371006,300000,11831967700.4278,11831967600.4278,1.9739311,51
F01,1,30,DSS-MAQLCSO,2,20271006,20371006,300000,48168.6761563688,48068.6761563688,19.9807407,57
F01,1,30,PSO,3,20271007,20371007,300000,241848027.443202,241847927.443202,1.3293789,53
F01,1,30,CSO,3,20271007,20371007,300000,16235297256.7161,16235297156.7161,1.9527579,79
F01,1,30,DSS-MAQLCSO,3,20271007,20371007,300000,10460.8025095518,10360.8025095518,19.6508069,69
F03,3,30,PSO,1,20271005,20371005,300000,401.023102774715,101.023102774715,1.3072393,67
F03,3,30,CSO,1,20271005,20371005,300000,79209.9637650432,78909.9637650432,2.0813424,55
F03,3,30,DSS-MAQLCSO,1,20271005,20371005,300000,303.676567541888,3.67656754188806,20.3054897,55
F03,3,30,PSO,2,20271006,20371006,300000,300.000000000012,1.17097442853265e-11,1.3234575,135
F03,3,30,CSO,2,20271006,20371006,300000,49862.2455146328,49562.2455146328,2.0484884,3568
F03,3,30,DSS-MAQLCSO,2,20271006,20371006,300000,301.371762469666,1.37176246966573,20.7016814,782
F03,3,30,PSO,3,20271007,20371007,300000,300.00000000252,2.52026666203164e-09,1.3028729,53
F03,3,30,CSO,3,20271007,20371007,300000,66522.3661007673,66222.3661007673,1.9434029,59
F03,3,30,DSS-MAQLCSO,3,20271007,20371007,300000,304.543156962858,4.54315696285812,20.372189,95
F04,4,30,PSO,1,20271005,20371005,300000,1037.34337216003,637.343372160032,1.3396402,70
F04,4,30,CSO,1,20271005,20371005,300000,1069.62172755153,669.621727551531,1.967952,213
F04,4,30,DSS-MAQLCSO,1,20271005,20371005,300000,486.606517646844,86.6065176468438,18.7845391,55
F04,4,30,PSO,2,20271006,20371006,300000,504.134867289998,104.134867289998,1.018423,52
F04,4,30,CSO,2,20271006,20371006,300000,1065.1841174263,665.184117426301,1.4474004,95
F04,4,30,DSS-MAQLCSO,2,20271006,20371006,300000,489.460694048102,89.4606940481016,14.4833434,53
F04,4,30,PSO,3,20271007,20371007,300000,464.117395013356,64.1173950133556,1.0254121,53
F04,4,30,CSO,3,20271007,20371007,300000,1213.26964782337,813.269647823366,1.4584653,123
F04,4,30,DSS-MAQLCSO,3,20271007,20371007,300000,487.714892449832,87.7148924498316,14.4363136,53
F05,5,30,PSO,1,20271005,20371005,300000,617.173897359037,117.173897359037,1.2195161,55
F05,5,30,CSO,1,20271005,20371005,300000,833.442361066285,333.442361066285,1.7373642,143
F05,5,30,DSS-MAQLCSO,1,20271005,20371005,300000,583.590401212822,83.590401212822,14.7938291,56
F05,5,30,PSO,2,20271006,20371006,300000,594.417239649164,94.4172396491643,1.2174957,56
F05,5,30,CSO,2,20271006,20371006,300000,786.237346691124,286.237346691124,1.7355226,77
F05,5,30,DSS-MAQLCSO,2,20271006,20371006,300000,558.707239832538,58.7072398325378,15.0188431,51
F05,5,30,PSO,3,20271007,20371007,300000,582.295560518284,82.295560518284,1.2105386,100
F05,5,30,CSO,3,20271007,20371007,300000,750.407057652147,250.407057652147,1.7520916,218
F05,5,30,DSS-MAQLCSO,3,20271007,20371007,300000,584.595322546499,84.5953225464987,15.0188924,57
F06,6,30,PSO,1,20271005,20371005,300000,601.668676566771,1.6686765667705,2.2981383,54
F06,6,30,CSO,1,20271005,20371005,300000,660.739100624393,60.7391006243934,2.7837918,208
F06,6,30,DSS-MAQLCSO,1,20271005,20371005,300000,607.704723028593,7.70472302859298,16.0397577,55
F06,6,30,PSO,2,20271006,20371006,300000,601.605319422732,1.60531942273178,2.233855,55
F06,6,30,CSO,2,20271006,20371006,300000,657.350476233183,57.3504762331826,2.7939956,90
F06,6,30,DSS-MAQLCSO,2,20271006,20371006,300000,605.980200338692,5.98020033869204,16.168452,57
F06,6,30,PSO,3,20271007,20371007,300000,605.604494596571,5.60449459657116,2.2707902,52
F06,6,30,CSO,3,20271007,20371007,300000,665.749637486272,65.7496374862724,2.793115,94
F06,6,30,DSS-MAQLCSO,3,20271007,20371007,300000,602.002735107869,2.00273510786928,16.2049639,73
F07,7,30,PSO,1,20271005,20371005,300000,793.91690082203,93.9169008220302,1.2732634,51
F07,7,30,CSO,1,20271005,20371005,300000,1473.56516418748,773.565164187476,1.7634348,55
F07,7,30,DSS-MAQLCSO,1,20271005,20371005,300000,853.51219551784,153.51219551784,14.670982,55
F07,7,30,PSO,2,20271006,20371006,300000,821.352226965334,121.352226965334,1.2476828,51
F07,7,30,CSO,2,20271006,20371006,300000,1443.40289979059,743.402899790589,1.7755815,51
F07,7,30,DSS-MAQLCSO,2,20271006,20371006,300000,858.41945103036,158.41945103036,14.6038391,51
F07,7,30,PSO,3,20271007,20371007,300000,824.342573816448,124.342573816448,1.2407983,51
F07,7,30,CSO,3,20271007,20371007,300000,1426.40148965099,726.401489650992,1.8002897,88
F07,7,30,DSS-MAQLCSO,3,20271007,20371007,300000,868.731104291914,168.731104291914,14.4947671,52
F08,8,30,PSO,1,20271005,20371005,300000,919.743283804518,119.743283804518,1.2479367,67
F08,8,30,CSO,1,20271005,20371005,300000,1118.95320600159,318.95320600159,1.7528944,103
F08,8,30,DSS-MAQLCSO,1,20271005,20371005,300000,943.289955377865,143.289955377865,14.8665314,55
F08,8,30,PSO,2,20271006,20371006,300000,898.832206384734,98.8322063847336,1.2446864,54
F08,8,30,CSO,2,20271006,20371006,300000,1082.93556618726,282.935566187256,1.7732464,60
F08,8,30,DSS-MAQLCSO,2,20271006,20371006,300000,896.585874852698,96.5858748526978,15.1338283,55
F08,8,30,PSO,3,20271007,20371007,300000,917.404754633916,117.404754633916,1.2346191,51
F08,8,30,CSO,3,20271007,20371007,300000,1134.85292502858,334.852925028582,1.8614563,103
F08,8,30,DSS-MAQLCSO,3,20271007,20371007,300000,891.968414346107,91.9684143461075,16.5687731,52
F09,9,30,PSO,1,20271005,20371005,300000,1126.65098995856,226.650989958556,1.4576489,59
F09,9,30,CSO,1,20271005,20371005,300000,7808.82341413148,6908.82341413148,1.9330685,80
F09,9,30,DSS-MAQLCSO,1,20271005,20371005,300000,2148.61295170097,1248.61295170097,17.4353397,55
F09,9,30,PSO,2,20271006,20371006,300000,1094.87816118734,194.878161187339,1.4782361,71
F09,9,30,CSO,2,20271006,20371006,300000,6818.62118858542,5918.62118858542,1.929122,95
F09,9,30,DSS-MAQLCSO,2,20271006,20371006,300000,1030.00753574946,130.00753574946,16.6833082,77
F09,9,30,PSO,3,20271007,20371007,300000,1042.94201951738,142.942019517377,1.3740714,51
F09,9,30,CSO,3,20271007,20371007,300000,5402.1254920272,4502.1254920272,1.7722724,122
F09,9,30,DSS-MAQLCSO,3,20271007,20371007,300000,968.219079362563,68.2190793625631,15.2712181,56
F10,10,30,PSO,1,20271005,20371005,300000,3425.6486070448,2425.6486070448,1.4914584,57
F10,10,30,CSO,1,20271005,20371005,300000,7279.27277449775,6279.27277449775,1.9804834,55
F10,10,30,DSS-MAQLCSO,1,20271005,20371005,300000,4379.45107445326,3379.45107445326,14.9775198,56
F10,10,30,PSO,2,20271006,20371006,300000,4743.96234403366,3743.96234403366,1.4708299,160
F10,10,30,CSO,2,20271006,20371006,300000,8162.03471401602,7162.03471401602,1.9838305,80
F10,10,30,DSS-MAQLCSO,2,20271006,20371006,300000,4794.61489622511,3794.61489622511,15.2482296,74
F10,10,30,PSO,3,20271007,20371007,300000,4337.16499102085,3337.16499102085,1.4688916,56
F10,10,30,CSO,3,20271007,20371007,300000,8329.30094281827,7329.30094281827,1.9807343,75
F10,10,30,DSS-MAQLCSO,3,20271007,20371007,300000,4230.48518391243,3230.48518391243,14.842845,52
F11,11,30,PSO,1,20271005,20371005,300000,1356.79508181707,256.795081817073,1.1272301,51
F11,11,30,CSO,1,20271005,20371005,300000,2782.68146244805,1682.68146244805,1.6027553,64
F11,11,30,DSS-MAQLCSO,1,20271005,20371005,300000,1205.52017835112,105.520178351123,14.896412,67
F11,11,30,PSO,2,20271006,20371006,300000,1245.97342301863,145.973423018626,1.1242668,54
F11,11,30,CSO,2,20271006,20371006,300000,3292.35562933854,2192.35562933854,1.6060944,90
F11,11,30,DSS-MAQLCSO,2,20271006,20371006,300000,1316.28485827339,216.284858273392,15.1734708,70
F11,11,30,PSO,3,20271007,20371007,300000,1352.40928832016,252.409288320159,1.1266911,103
F11,11,30,CSO,3,20271007,20371007,300000,2605.23731422919,1505.23731422919,1.5903772,131
F11,11,30,DSS-MAQLCSO,3,20271007,20371007,300000,1276.92524023253,176.925240232533,14.9695247,52
F12,12,30,PSO,1,20271005,20371005,300000,10405144.8061983,10403944.8061983,1.3091303,55
F12,12,30,CSO,1,20271005,20371005,300000,613808450.443296,613807250.443296,1.7482156,181
F12,12,30,DSS-MAQLCSO,1,20271005,20371005,300000,10179196.9212299,10177996.9212299,15.037814,71
F12,12,30,PSO,2,20271006,20371006,300000,17431615.3633413,17430415.3633413,1.3134746,53
F12,12,30,CSO,2,20271006,20371006,300000,1304842135.17038,1304840935.17038,1.7892536,181
F12,12,30,DSS-MAQLCSO,2,20271006,20371006,300000,6121465.1460384,6120265.1460384,15.0575488,51
F12,12,30,PSO,3,20271007,20371007,300000,200231157.534203,200229957.534203,1.2984331,116
F12,12,30,CSO,3,20271007,20371007,300000,1499346594.4468,1499345394.4468,1.7391502,503
F12,12,30,DSS-MAQLCSO,3,20271007,20371007,300000,4786782.76222668,4785582.76222668,14.9542593,56
F13,13,30,PSO,1,20271005,20371005,300000,4445973.79150228,4444673.79150228,1.1634974,53
F13,13,30,CSO,1,20271005,20371005,300000,387130785.45231,387129485.45231,1.6140504,85
F13,13,30,DSS-MAQLCSO,1,20271005,20371005,300000,72692.1225064106,71392.1225064106,14.7670504,55
F13,13,30,PSO,2,20271006,20371006,300000,4468621.19497789,4467321.19497789,1.1633757,51
F13,13,30,CSO,2,20271006,20371006,300000,188407502.680562,188406202.680562,1.624832,77
F13,13,30,DSS-MAQLCSO,2,20271006,20371006,300000,82659.1730954745,81359.1730954745,14.6963616,54
F13,13,30,PSO,3,20271007,20371007,300000,4723030.28993104,4721730.28993104,1.1699998,63
F13,13,30,CSO,3,20271007,20371007,300000,333302050.872886,333300750.872886,1.6319661,115
F13,13,30,DSS-MAQLCSO,3,20271007,20371007,300000,155391.625025085,154091.625025085,14.8156079,66
F14,14,30,PSO,1,20271005,20371005,300000,2850.71899975,1450.71899975,1.5695279,56
F14,14,30,CSO,1,20271005,20371005,300000,226809.826622774,225409.826622774,2.0198119,81
F14,14,30,DSS-MAQLCSO,1,20271005,20371005,300000,7179.82248563036,5779.82248563036,15.5550693,55
F14,14,30,PSO,2,20271006,20371006,300000,1929.96538611947,529.965386119467,1.5501006,67
F14,14,30,CSO,2,20271006,20371006,300000,181219.403598465,179819.403598465,1.9931857,341
F14,14,30,DSS-MAQLCSO,2,20271006,20371006,300000,8273.88806356715,6873.88806356715,15.296653,55
F14,14,30,PSO,3,20271007,20371007,300000,13144.0654197202,11744.0654197202,1.529563,66
F14,14,30,CSO,3,20271007,20371007,300000,140224.247377651,138824.247377651,2.016472,194
F14,14,30,DSS-MAQLCSO,3,20271007,20371007,300000,2714.3656179215,1314.3656179215,15.0468632,56
F15,15,30,PSO,1,20271005,20371005,300000,27070.1178187333,25570.1178187333,1.1192256,71
F15,15,30,CSO,1,20271005,20371005,300000,49655301.1100354,49653801.1100354,1.5699561,117
F15,15,30,DSS-MAQLCSO,1,20271005,20371005,300000,224298.022409923,222798.022409923,14.6305137,56
F15,15,30,PSO,2,20271006,20371006,300000,18586.0697510326,17086.0697510326,1.1179957,58
F15,15,30,CSO,2,20271006,20371006,300000,102462818.140925,102461318.140925,1.5674841,160
F15,15,30,DSS-MAQLCSO,2,20271006,20371006,300000,46768.7386129567,45268.7386129567,14.5617339,56
F15,15,30,PSO,3,20271007,20371007,300000,16666.320514849,15166.320514849,1.1126605,56
F15,15,30,CSO,3,20271007,20371007,300000,91083258.261687,91081758.261687,1.5834369,162
F15,15,30,DSS-MAQLCSO,3,20271007,20371007,300000,91266.211772655,89766.211772655,14.6143277,53
F16,16,30,PSO,1,20271005,20371005,300000,2722.49334167007,1122.49334167007,1.2695891,59
F16,16,30,CSO,1,20271005,20371005,300000,3009.15985307139,1409.15985307139,1.7371829,80
F16,16,30,DSS-MAQLCSO,1,20271005,20371005,300000,1969.17652351205,369.176523512045,16.2146944,56
F16,16,30,PSO,2,20271006,20371006,300000,2353.69555375523,753.695553755232,1.3070568,68
F16,16,30,CSO,2,20271006,20371006,300000,3762.62654032342,2162.62654032342,1.7352341,221
F16,16,30,DSS-MAQLCSO,2,20271006,20371006,300000,2812.9442569502,1212.9442569502,14.5754941,51
F16,16,30,PSO,3,20271007,20371007,300000,2296.56508698374,696.56508698374,1.2640049,56
F16,16,30,CSO,3,20271007,20371007,300000,3952.21921565311,2352.21921565311,1.7273249,162
F16,16,30,DSS-MAQLCSO,3,20271007,20371007,300000,2552.81725951449,952.817259514494,14.7556002,52
F17,17,30,PSO,1,20271005,20371005,300000,1924.34750192141,224.347501921411,1.8338131,54
F17,17,30,CSO,1,20271005,20371005,300000,2487.14955991709,787.149559917094,2.3541554,190
F17,17,30,DSS-MAQLCSO,1,20271005,20371005,300000,1884.85894758263,184.85894758263,15.5446321,64
F17,17,30,PSO,2,20271006,20371006,300000,1933.60120180064,233.601201800644,1.8208865,62
F17,17,30,CSO,2,20271006,20371006,300000,2553.92339538426,853.923395384265,2.3706902,210
F17,17,30,DSS-MAQLCSO,2,20271006,20371006,300000,2139.0574049018,439.0574049018,15.8091167,86
F17,17,30,PSO,3,20271007,20371007,300000,1844.32858775537,144.328587755369,1.8241994,69
F17,17,30,CSO,3,20271007,20371007,300000,2548.48887059798,848.488870597976,2.3782735,88
F17,17,30,DSS-MAQLCSO,3,20271007,20371007,300000,1918.52620293679,218.52620293679,15.6127667,73
F18,18,30,PSO,1,20271005,20371005,300000,18883.8559818879,17083.8559818879,1.2695343,89
F18,18,30,CSO,1,20271005,20371005,300000,4693124.02791778,4691324.02791778,1.7092219,203
F18,18,30,DSS-MAQLCSO,1,20271005,20371005,300000,278567.686602196,276767.686602196,14.9486813,108
F18,18,30,PSO,2,20271006,20371006,300000,101894.394291193,100094.394291193,1.2818217,81
F18,18,30,CSO,2,20271006,20371006,300000,1401430.14372656,1399630.14372656,1.7119763,147
F18,18,30,DSS-MAQLCSO,2,20271006,20371006,300000,145933.218696245,144133.218696245,14.7933144,113
F18,18,30,PSO,3,20271007,20371007,300000,193860.918395797,192060.918395797,1.2705509,61
F18,18,30,CSO,3,20271007,20371007,300000,1690790.69598365,1688990.69598365,1.734674,115
F18,18,30,DSS-MAQLCSO,3,20271007,20371007,300000,195882.341022515,194082.341022515,14.9171772,61
F19,19,30,PSO,1,20271005,20371005,300000,3809.3372581189,1909.3372581189,6.2041691,70
F19,19,30,CSO,1,20271005,20371005,300000,201999314.144829,201997414.144829,6.7176474,56
F19,19,30,DSS-MAQLCSO,1,20271005,20371005,300000,72940.3905853362,71040.3905853362,19.9536237,65
F19,19,30,PSO,2,20271006,20371006,300000,12634.4039266097,10734.4039266097,6.2916895,52
F19,19,30,CSO,2,20271006,20371006,300000,146506317.576737,146504417.576737,6.8018462,86
F19,19,30,DSS-MAQLCSO,2,20271006,20371006,300000,43781.8947711474,41881.8947711474,20.0691021,55
F19,19,30,PSO,3,20271007,20371007,300000,2106.23244966066,206.232449660657,6.1936172,87
F19,19,30,CSO,3,20271007,20371007,300000,93777179.3685795,93775279.3685795,6.6861961,174
F19,19,30,DSS-MAQLCSO,3,20271007,20371007,300000,323252.177772848,321352.177772848,20.2494072,57
F20,20,30,PSO,1,20271005,20371005,300000,2189.77491448043,189.774914480432,2.027736,74
F20,20,30,CSO,1,20271005,20371005,300000,2730.46299213134,730.462992131342,2.5112305,128
F20,20,30,DSS-MAQLCSO,1,20271005,20371005,300000,2376.97748343526,376.977483435261,16.0025596,54
F20,20,30,PSO,2,20271006,20371006,300000,2468.59578324465,468.595783244654,2.0016809,81
F20,20,30,CSO,2,20271006,20371006,300000,2894.25052362077,894.250523620774,2.5330148,147
F20,20,30,DSS-MAQLCSO,2,20271006,20371006,300000,2540.9796022714,540.9796022714,15.7592991,66
F20,20,30,PSO,3,20271007,20371007,300000,2312.5141645808,312.514164580798,1.9983245,51
F20,20,30,CSO,3,20271007,20371007,300000,2842.54998866395,842.549988663953,2.5141185,52
F20,20,30,DSS-MAQLCSO,3,20271007,20371007,300000,2576.70733237196,576.707332371957,15.7018887,52
F21,21,30,PSO,1,20271005,20371005,300000,2372.83381260793,272.833812607932,2.6617619,60
F21,21,30,CSO,1,20271005,20371005,300000,2583.51063588418,483.51063588418,3.184775,84
F21,21,30,DSS-MAQLCSO,1,20271005,20371005,300000,2389.38977573915,289.389775739147,16.403688,92
F21,21,30,PSO,2,20271006,20371006,300000,2405.07914022037,305.079140220367,2.6482453,59
F21,21,30,CSO,2,20271006,20371006,300000,2583.72472654685,483.724726546848,3.2053926,77
F21,21,30,DSS-MAQLCSO,2,20271006,20371006,300000,2368.86587637964,268.865876379637,16.3744107,56
F21,21,30,PSO,3,20271007,20371007,300000,2392.10989356094,292.109893560936,2.6674277,70
F21,21,30,CSO,3,20271007,20371007,300000,2511.96480628939,411.964806289393,3.1743136,188
F21,21,30,DSS-MAQLCSO,3,20271007,20371007,300000,2409.36751684023,309.367516840229,16.6535567,52
F22,22,30,PSO,1,20271005,20371005,300000,5829.27869360943,3629.27869360943,3.051973,103
F22,22,30,CSO,1,20271005,20371005,300000,4313.99480859227,2113.99480859227,3.5639668,58
F22,22,30,DSS-MAQLCSO,1,20271005,20371005,300000,5289.78755254788,3089.78755254788,16.7687223,56
F22,22,30,PSO,2,20271006,20371006,300000,2638.09264680275,438.092646802749,3.0281009,61
F22,22,30,CSO,2,20271006,20371006,300000,3994.77542843924,1794.77542843924,3.592353,72
F22,22,30,DSS-MAQLCSO,2,20271006,20371006,300000,5822.27732215567,3622.27732215567,16.7095672,62
F22,22,30,PSO,3,20271007,20371007,300000,2598.80931880064,398.809318800638,3.056666,59
F22,22,30,CSO,3,20271007,20371007,300000,9302.67212618259,7102.67212618259,3.6534765,82
F22,22,30,DSS-MAQLCSO,3,20271007,20371007,300000,6333.80227078052,4133.80227078052,16.9228023,56
F23,23,30,PSO,1,20271005,20371005,300000,2789.21534382516,489.215343825157,3.4935178,96
F23,23,30,CSO,1,20271005,20371005,300000,2906.15223656988,606.152236569881,3.991977,204
F23,23,30,DSS-MAQLCSO,1,20271005,20371005,300000,2775.26754885158,475.267548851577,17.2673065,55
F23,23,30,PSO,2,20271006,20371006,300000,2890.2449865894,590.244986589404,3.4522422,68
F23,23,30,CSO,2,20271006,20371006,300000,2979.28954079722,679.289540797219,3.9894045,104
F23,23,30,DSS-MAQLCSO,2,20271006,20371006,300000,2734.91259431311,434.912594313106,17.1628792,51
F23,23,30,PSO,3,20271007,20371007,300000,2914.0655964463,614.065596446304,3.4865588,68
F23,23,30,CSO,3,20271007,20371007,300000,2945.63901612861,645.639016128613,4.0389403,107
F23,23,30,DSS-MAQLCSO,3,20271007,20371007,300000,2716.10156504796,416.101565047956,17.3547896,52
F24,24,30,PSO,1,20271005,20371005,300000,2954.46733359467,554.467333594672,3.797573,83
F24,24,30,CSO,1,20271005,20371005,300000,3134.18550690402,734.185506904024,4.2433268,474
F24,24,30,DSS-MAQLCSO,1,20271005,20371005,300000,2914.16344667326,514.163446673262,17.4447118,55
F24,24,30,PSO,2,20271006,20371006,300000,3118.40648488802,718.406484888018,3.8322073,106
F24,24,30,CSO,2,20271006,20371006,300000,3163.82703020357,763.827030203565,4.3130869,118
F24,24,30,DSS-MAQLCSO,2,20271006,20371006,300000,2903.52097284572,503.520972845718,17.433549,51
F24,24,30,PSO,3,20271007,20371007,300000,3064.84790148308,664.847901483082,3.7510577,122
F24,24,30,CSO,3,20271007,20371007,300000,3081.06791746766,681.067917467662,4.2906188,217
F24,24,30,DSS-MAQLCSO,3,20271007,20371007,300000,2962.80014154815,562.800141548148,17.5578176,53
F25,25,30,PSO,1,20271005,20371005,300000,2895.33190794514,395.331907945141,3.5294946,53
F25,25,30,CSO,1,20271005,20371005,300000,3682.03512167599,1182.03512167599,4.0459675,94
F25,25,30,DSS-MAQLCSO,1,20271005,20371005,300000,2897.26750847728,397.267508477285,18.2361397,65
F25,25,30,PSO,2,20271006,20371006,300000,2889.2030881004,389.203088100398,3.4647886,52
F25,25,30,CSO,2,20271006,20371006,300000,4470.62272756164,1970.62272756164,4.0590319,52
F25,25,30,DSS-MAQLCSO,2,20271006,20371006,300000,2887.32568019808,387.325680198082,17.4454708,52
F25,25,30,PSO,3,20271007,20371007,300000,2923.58214638541,423.582146385409,3.4458055,51
F25,25,30,CSO,3,20271007,20371007,300000,3567.99858873049,1067.99858873049,3.9661916,79
F25,25,30,DSS-MAQLCSO,3,20271007,20371007,300000,2886.98355717371,386.983557173713,17.0294789,52
F26,26,30,PSO,1,20271005,20371005,300000,3387.75488745557,787.754887455566,4.2485295,56
F26,26,30,CSO,1,20271005,20371005,300000,4574.5526837175,1974.5526837175,4.7765405,182
F26,26,30,DSS-MAQLCSO,1,20271005,20371005,300000,2900.50289142595,300.502891425949,18.4115098,56
F26,26,30,PSO,2,20271006,20371006,300000,3946.59484430188,1346.59484430188,4.2641838,51
F26,26,30,CSO,2,20271006,20371006,300000,7213.49076371721,4613.49076371721,4.7826414,104
F26,26,30,DSS-MAQLCSO,2,20271006,20371006,300000,2802.14029724989,202.140297249893,17.7963061,51
F26,26,30,PSO,3,20271007,20371007,300000,6040.05570718552,3440.05570718552,4.3107028,59
F26,26,30,CSO,3,20271007,20371007,300000,6232.46567839944,3632.46567839944,4.7856698,80
F26,26,30,DSS-MAQLCSO,3,20271007,20371007,300000,4680.79280580802,2080.79280580802,18.0613177,52
F27,27,30,PSO,1,20271005,20371005,300000,3273.2828844675,573.282884467496,4.8810364,88
F27,27,30,CSO,1,20271005,20371005,300000,3268.41470801331,568.414708013313,5.3544303,100
F27,27,30,DSS-MAQLCSO,1,20271005,20371005,300000,3197.36129631831,497.361296318309,18.8152409,56
F27,27,30,PSO,2,20271006,20371006,300000,3422.8069459451,722.806945945104,4.8989853,82
F27,27,30,CSO,2,20271006,20371006,300000,3252.13383069428,552.13383069428,5.3644371,203
F27,27,30,DSS-MAQLCSO,2,20271006,20371006,300000,3208.83826566102,508.838265661017,19.1090452,52
F27,27,30,PSO,3,20271007,20371007,300000,3358.8910813251,658.891081325099,4.9304484,56
F27,27,30,CSO,3,20271007,20371007,300000,3251.43182835082,551.431828350824,5.3795991,241
F27,27,30,DSS-MAQLCSO,3,20271007,20371007,300000,3219.63537593665,519.635375936646,18.7798622,52
F28,28,30,PSO,1,20271005,20371005,300000,3231.88464005124,431.884640051239,4.3533727,54
F28,28,30,CSO,1,20271005,20371005,300000,3838.32401953475,1038.32401953475,4.7530662,156
F28,28,30,DSS-MAQLCSO,1,20271005,20371005,300000,3256.85167090659,456.851670906589,18.1569813,55
F28,28,30,PSO,2,20271006,20371006,300000,3286.51669753149,486.516697531492,4.3028075,61
F28,28,30,CSO,2,20271006,20371006,300000,3540.47214006886,740.47214006886,4.8024078,83
F28,28,30,DSS-MAQLCSO,2,20271006,20371006,300000,3251.1550872951,451.155087295099,18.3280656,51
F28,28,30,PSO,3,20271007,20371007,300000,3304.13096963603,504.130969636031,4.3209751,59
F28,28,30,CSO,3,20271007,20371007,300000,3604.80895928433,804.808959284333,4.7658737,247
F28,28,30,DSS-MAQLCSO,3,20271007,20371007,300000,3193.72987472772,393.729874727717,18.1436509,67
F29,29,30,PSO,1,20271005,20371005,300000,3773.05683827234,873.056838272338,3.2022471,74
F29,29,30,CSO,1,20271005,20371005,300000,4294.06976836694,1394.06976836694,3.765139,128
F29,29,30,DSS-MAQLCSO,1,20271005,20371005,300000,3587.22711608566,687.227116085659,17.2917727,55
F29,29,30,PSO,2,20271006,20371006,300000,3385.07696896009,485.076968960087,3.1600327,74
F29,29,30,CSO,2,20271006,20371006,300000,4106.94592986137,1206.94592986137,3.6821308,123
F29,29,30,DSS-MAQLCSO,2,20271006,20371006,300000,3754.65640818143,854.656408181428,17.2909345,81
F29,29,30,PSO,3,20271007,20371007,300000,3516.34026203571,616.34026203571,3.1750239,98
F29,29,30,CSO,3,20271007,20371007,300000,4663.80554407281,1763.80554407281,3.6863443,363
F29,29,30,DSS-MAQLCSO,3,20271007,20371007,300000,3589.7753004099,689.775300409898,17.1805788,52
F30,30,30,PSO,1,20271005,20371005,300000,19214.3262551472,16214.3262551472,7.5759235,69
F30,30,30,CSO,1,20271005,20371005,300000,38461887.2536283,38458887.2536283,7.9935494,109
F30,30,30,DSS-MAQLCSO,1,20271005,20371005,300000,425567.157941908,422567.157941908,21.6732948,56
F30,30,30,PSO,2,20271006,20371006,300000,7710.58694784544,4710.58694784544,7.5700611,51
F30,30,30,CSO,2,20271006,20371006,300000,56298781.1744249,56295781.1744249,8.0212254,51
F30,30,30,DSS-MAQLCSO,2,20271006,20371006,300000,3066720.02354076,3063720.02354076,21.758171,52
F30,30,30,PSO,3,20271007,20371007,300000,6083.93039857318,3083.93039857318,7.4984075,58
F30,30,30,CSO,3,20271007,20371007,300000,17894508.4050799,17891508.4050799,8.0212672,79
F30,30,30,DSS-MAQLCSO,3,20271007,20371007,300000,2045699.72064583,2042699.72064583,21.8887953,61
