Function,FunctionID,Algorithm,GroupCount,MeanError,MeanSeconds,MeanParentCoverage,MeanConcentration,MeanMaxParentEvaluations
F03,3,D3-DSS-Joint,5,6748.31048197369,11.38477268,2,0.555555555555588,2
F03,3,D3-DSS-Old,5,10427.4613411572,11.25072684,NaN,NaN,NaN
F03,3,D3-G,5,5739.33863894476,10.99128168,2.1730775646372,0.517093874525086,1.8269224353628
F06,6,D3-DSS-Joint,5,2.29964745218858,10.1318533,2,0.555555555555588,2
F06,6,D3-DSS-Old,5,1.84946412358522,10.05229892,NaN,NaN,NaN
F06,6,D3-G,5,1.75076108048474,9.89639486,2.20787322768974,0.509361504957843,1.79212677231026
F09,9,D3-DSS-Joint,5,115.629116652779,10.27931518,2,0.555555555555588,2
F09,9,D3-DSS-Old,5,60.9744804386029,10.2066385,NaN,NaN,NaN
F09,9,D3-G,5,74.7783595485169,9.65544582,2.18814011676397,0.513746640719128,1.81185988323603
F12,12,D3-DSS-Joint,5,794393.061460246,10.16234934,2,0.555555555555588,2
F12,12,D3-DSS-Old,5,1082675.54712086,10.07643884,NaN,NaN,NaN
F12,12,D3-G,5,1168119.81795819,9.8422723,2.16949124270225,0.51789083495507,1.83050875729775
F13,13,D3-DSS-Joint,5,58607.6565626182,9.93282712,2,0.555555555555588,2
F13,13,D3-DSS-Old,5,35958.3605911126,9.77372558,NaN,NaN,NaN
F13,13,D3-G,5,23998.0032710483,9.36770792,2.11866555462886,0.52918543230472,1.88133444537114
F20,20,D3-DSS-Joint,5,341.494742474165,10.6272482,2,0.555555555555588,2
F20,20,D3-DSS-Old,5,285.759164552489,10.45445614,NaN,NaN,NaN
F20,20,D3-G,5,350.9527645091,9.79629048,2.19135946622185,0.513031229728488,1.80864053377815
F28,28,D3-DSS-Joint,5,414.305395710979,10.93407266,2,0.555555555555588,2
F28,28,D3-DSS-Old,5,401.01402923284,11.06398018,NaN,NaN,NaN
F28,28,D3-G,5,403.40459220801,10.7290877,2.21704753961635,0.507322768974155,1.78295246038365
F30,30,D3-DSS-Joint,5,23586.9933006668,11.81660318,2,0.555555555555588,2
F30,30,D3-DSS-Old,5,36626.4954393983,11.55224144,NaN,NaN,NaN
F30,30,D3-G,5,29348.2824248686,11.17670262,2.13853211009174,0.524770642201854,1.86146788990826
