Function,FunctionID,Algorithm,Selection,Run,InitSeed,SearchSeed,Dimension,Population,MaxEvaluations,Evaluations,BestCost,BestError,Seconds,MeanParentCoverage,MeanConcentration,RoleDeveloperRate,RoleExplorerRate
F03,3,D3-DSS-Role,roleCap2,141,20271145,20371145,30,50,60000,60000,6149.44069181526,5849.44069181526,14.8973791,2,0.555555555555588,1,1
F03,3,D3-DSS-Role,roleCap2,142,20271146,20371146,30,50,60000,60000,6809.02001031245,6509.02001031245,14.8441054,2,0.555555555555588,1,1
F03,3,D3-DSS-Role,roleCap2,143,20271147,20371147,30,50,60000,60000,8051.73348413694,7751.73348413694,14.9252777,2,0.555555555555588,1,1
F03,3,D3-DSS-Role,roleCap2,144,20271148,20371148,30,50,60000,60000,2748.4196986214,2448.4196986214,14.8576533,2,0.555555555555588,1,1
F03,3,D3-DSS-Role,roleCap2,145,20271149,20371149,30,50,60000,60000,11482.9385249824,11182.9385249824,13.8013955,2,0.555555555555588,1,1
F06,6,D3-DSS-Role,roleCap2,141,20271145,20371145,30,50,60000,60000,605.835423966403,5.83542396640257,14.1344686,2,0.555555555555588,1,1
F06,6,D3-DSS-Role,roleCap2,142,20271146,20371146,30,50,60000,60000,600.642594339315,0.642594339315224,13.8626085,2,0.555555555555588,1,1
F06,6,D3-DSS-Role,roleCap2,143,20271147,20371147,30,50,60000,60000,601.237624549022,1.23762454902158,14.0279195,2,0.555555555555588,1,1
F06,6,D3-DSS-Role,roleCap2,144,20271148,20371148,30,50,60000,60000,601.420594706505,1.42059470650486,12.0988211,2,0.555555555555588,1,1
F06,6,D3-DSS-Role,roleCap2,145,20271149,20371149,30,50,60000,60000,602.361999699699,2.36199969969869,12.0056375,2,0.555555555555588,1,1
F09,9,D3-DSS-Role,roleCap2,141,20271145,20371145,30,50,60000,60000,1009.06742185357,109.067421853575,11.649061,2,0.555555555555588,1,1
F09,9,D3-DSS-Role,roleCap2,142,20271146,20371146,30,50,60000,60000,909.513275244384,9.51327524438409,11.7134558,2,0.555555555555588,1,1
F09,9,D3-DSS-Role,roleCap2,143,20271147,20371147,30,50,60000,60000,949.042388577189,49.0423885771888,11.733178,2,0.555555555555588,1,1
F09,9,D3-DSS-Role,roleCap2,144,20271148,20371148,30,50,60000,60000,966.301945792056,66.3019457920565,11.6469452,2,0.555555555555588,1,1
F09,9,D3-DSS-Role,roleCap2,145,20271149,20371149,30,50,60000,60000,1244.22055179669,344.220551796692,11.5716269,2,0.555555555555588,1,1
F12,12,D3-DSS-Role,roleCap2,141,20271145,20371145,30,50,60000,60000,838395.010329146,837195.010329146,11.6241092,2,0.555555555555588,1,1
F12,12,D3-DSS-Role,roleCap2,142,20271146,20371146,30,50,60000,60000,1979976.05521546,1978776.05521546,11.5556384,2,0.555555555555588,1,1
F12,12,D3-DSS-Role,roleCap2,143,20271147,20371147,30,50,60000,60000,298201.376959888,297001.376959888,11.8676902,2,0.555555555555588,1,1
F12,12,D3-DSS-Role,roleCap2,144,20271148,20371148,30,50,60000,60000,488987.776673258,487787.776673258,11.6856507,2,0.555555555555588,1,1
F12,12,D3-DSS-Role,roleCap2,145,20271149,20371149,30,50,60000,60000,270626.565530925,269426.565530925,11.8287581,2,0.555555555555588,1,1
F13,13,D3-DSS-Role,roleCap2,141,20271145,20371145,30,50,60000,60000,67802.3329879909,66502.3329879909,11.9729073,2,0.555555555555588,1,1
F13,13,D3-DSS-Role,roleCap2,142,20271146,20371146,30,50,60000,60000,75288.6763963902,73988.6763963902,12.1196663,2,0.555555555555588,1,1
F13,13,D3-DSS-Role,roleCap2,143,20271147,20371147,30,50,60000,60000,33658.3974564693,32358.3974564693,11.923959,2,0.555555555555588,1,1
F13,13,D3-DSS-Role,roleCap2,144,20271148,20371148,30,50,60000,60000,60116.5805645973,58816.5805645973,12.0474182,2,0.555555555555588,1,1
F13,13,D3-DSS-Role,roleCap2,145,20271149,20371149,30,50,60000,60000,62672.2954076432,61372.2954076432,11.6573413,2,0.555555555555588,1,1
F20,20,D3-DSS-Role,roleCap2,141,20271145,20371145,30,50,60000,60000,2339.35220462884,339.352204628836,11.8562567,2,0.555555555555588,1,1
F20,20,D3-DSS-Role,roleCap2,142,20271146,20371146,30,50,60000,60000,2209.72455143752,209.724551437522,11.9826156,2,0.555555555555588,1,1
F20,20,D3-DSS-Role,roleCap2,143,20271147,20371147,30,50,60000,60000,2499.94767762494,499.947677624943,12.2555734,2,0.555555555555588,1,1
F20,20,D3-DSS-Role,roleCap2,144,20271148,20371148,30,50,60000,60000,2368.35342774696,368.353427746961,11.6994194,2,0.555555555555588,1,1
F20,20,D3-DSS-Role,roleCap2,145,20271149,20371149,30,50,60000,60000,2136.15116816924,136.15116816924,12.0357647,2,0.555555555555588,1,1
F28,28,D3-DSS-Role,roleCap2,141,20271145,20371145,30,50,60000,60000,3187.3148943481,387.314894348105,12.3235351,2,0.555555555555588,1,1
F28,28,D3-DSS-Role,roleCap2,142,20271146,20371146,30,50,60000,60000,3207.05604092196,407.056040921961,12.2324358,2,0.555555555555588,1,1
F28,28,D3-DSS-Role,roleCap2,143,20271147,20371147,30,50,60000,60000,3258.3067207637,458.306720763704,12.1319182,2,0.555555555555588,1,1
F28,28,D3-DSS-Role,roleCap2,144,20271148,20371148,30,50,60000,60000,3193.63352877922,393.633528779224,12.4163488,2,0.555555555555588,1,1
F28,28,D3-DSS-Role,roleCap2,145,20271149,20371149,30,50,60000,60000,3225.2157937419,425.215793741903,12.2606425,2,0.555555555555588,1,1
F30,30,D3-DSS-Role,roleCap2,141,20271145,20371145,30,50,60000,60000,31063.4825485523,28063.4825485523,12.9524063,2,0.555555555555588,1,1
F30,30,D3-DSS-Role,roleCap2,142,20271146,20371146,30,50,60000,60000,15430.7570232311,12430.7570232311,13.2534738,2,0.555555555555588,1,1
F30,30,D3-DSS-Role,roleCap2,143,20271147,20371147,30,50,60000,60000,37290.0487602665,34290.0487602665,13.4222774,2,0.555555555555588,1,1
F30,30,D3-DSS-Role,roleCap2,144,20271148,20371148,30,50,60000,60000,128863.836689683,125863.836689683,13.3013032,2,0.555555555555588,1,1
F30,30,D3-DSS-Role,roleCap2,145,20271149,20371149,30,50,60000,60000,16008.0002937791,13008.0002937791,13.3849653,2,0.555555555555588,1,1
