Map,Algorithm,Seed,Evaluations,Feasible,Late,DepotLate,Distance,TerrainViolation,ObstacleViolation,AngleViolation,MinClearance,ReturnTime,Cost,FirstFeasibleFE,Seconds
ridge,PSO,20271005,10000,1,0,0,773.65833681617,0,0,0,11.9076746021832,229.023850059725,793.280195760447,3625,82.2544943
ridge,CSO,20271005,10000,0,73.127302587431,0,1066.34547821202,0,0,0,11.1495763975342,267.350063623883,174258.759472845,NaN,83.7962036
ridge,CLPSO,20271005,10000,0,142.902153509837,0,1107.21231609878,0,0,0,12.0246709235784,276.819812186845,244056.00112006,NaN,82.9177897
ridge,GWO,20271005,10000,1,0,0,893.025912493668,0,0,0,11.186345310536,218.817473305241,932.143190796155,3299,81.9545023
ridge,SCSO,20271005,10000,0,343.497203669908,0,1054.57348001995,0,0,0,10.6838934217406,279.530626485287,444560.598123538,NaN,83.5301655
peaks,SCSO,20271005,10000,0,321.478306437869,0,1053.99233354679,0,1,0,9.45949090527751,281.232791972798,532540.801536632,NaN,83.5028427
peaks,PSO,20271005,10000,1,0,0,815.932009064205,0,0,0,8.56438577476414,244.380473283565,856.897001263016,6983,83.3725813
peaks,CSO,20271005,10000,0,291.616514007678,0,1154.32605339797,0,0,0,8.63184263700783,292.499801441375,392844.876168982,NaN,82.199006
peaks,CLPSO,20271005,10000,0,135.532147846719,0,1190.61292990336,0,0,0,9.35897173692028,283.611237858855,236785.919443594,NaN,83.6380924
peaks,GWO,20271005,10000,1,0,0,680.12182814813,0,0,0,5.76122451539964,200.974422194064,725.956671449478,1919,83.042505
mountain,GWO,20271005,10000,1,0,0,811.128436403443,0,0,0,7.15641644934566,232.213623862019,867.645830075671,7252,84.6775792
mountain,SCSO,20271005,10000,0,47.4487853685676,0,848.835798805527,0,0,0,5.72420549708906,238.901580428765,148338.802397803,NaN,83.9886242
mountain,PSO,20271005,10000,0,10.279353094582,0,817.442693627025,0,0,0,5.96079465282497,243.807213276084,111155.77413581,NaN,84.2660506
mountain,CSO,20271005,10000,0,121.885674083492,0,1246.00136712078,0,2,0,5.85767337918303,280.011359197433,343199.69992884,NaN,82.9817023
mountain,CLPSO,20271005,10000,0,80.0081695676989,0,1169.31097899118,0,5,0,7.28605505972493,277.12503405508,331232.972140143,NaN,82.7522839
hills,CLPSO,20271005,10000,0,82.2971968713938,0,1083.51702037394,0,2,0,13.3878480302913,245.945900001155,303453.09827467,NaN,81.4524276
hills,GWO,20271005,10000,0,11.4164040314601,0,872.631152742021,0,0,0,13.4863142700382,239.568953995397,112340.064793861,NaN,81.695653
hills,SCSO,20271005,10000,0,352.130085785712,0,1055.04141619109,0,7,0,12.1141956335149,282.349464187337,623191.100571744,NaN,83.9652014
hills,PSO,20271005,10000,1,0,0,752.431181664299,0,0,0,13.4199181188318,226.942798163325,799.079665817371,8227,81.1727763
hills,CSO,20271005,10000,0,31.3113441379751,0,1113.20578946077,0,0,0,12.3208274291717,275.434630501458,132489.52247353,NaN,81.6591777
plateau,CSO,20271005,10000,0,83.3366594192672,0,1078.51945547164,0,0,0,9.71422378087314,266.266308935193,184470.818397208,NaN,81.1785921
plateau,CLPSO,20271005,10000,0,51.8104813055125,0,1136.44812577652,0,0,0,10.9654993436453,260.605492470574,152995.436203533,NaN,81.1211991
plateau,GWO,20271005,10000,1,0,0,826.74411475498,0,0,0,9.22301954512982,232.771937711664,852.380140857484,4577,81.8441095
plateau,SCSO,20271005,10000,0,335.350794672897,0,1053.06204371739,0,0,0,12.1188530737869,284.404113454835,436412.436313226,NaN,82.5550363
plateau,PSO,20271005,10000,1,0,0,680.256772858642,0,0,0,10.8622216373633,205.871197661968,704.874317417365,2704,80.3808586
