Function,Algorithm,ModeStatus,VisitSharePercent,Action1SharePercent,Action2SharePercent,Action3SharePercent,Action4SharePercent,MeanStatesVisitedPerRun,UnionStatesVisited,StateCount
Sphere,MAQL-V1,1,54.0311240273741,19.8230242040427,18.764639541945,8.11139064804372,53.3009456059686,27,27,27
Sphere,MAQL-V1,2,16.2932408362239,34.2922899884925,19.620253164557,13.2336018411968,32.8538550057537,27,27,27
Sphere,MAQL-V1,3,29.675635136402,18.3383351761175,17.6275469909967,10.8039804138367,53.2301374190491,27,27,27
Sphere,MAQL-V2,1,14.1001164144354,40.7859973579921,21.2351387054161,11.7239101717305,26.2549537648613,26.8,27,27
Sphere,MAQL-V2,2,46.8917345750873,14.7765640516385,15.1737835153923,11.5292949354518,58.5203574975174,26.8,27,27
Sphere,MAQL-V2,3,39.0081490104773,17.6674227050257,16.6646770920377,18.8611674823923,46.8067327205443,26.8,27,27
Rastrigin,MAQL-V1,1,45.2451571044582,15.1285465533135,8.19420260165933,8.83949605654,67.8377547884871,22.5,27,27
Rastrigin,MAQL-V1,2,17.5827231439429,15.3400105429626,9.64681075382182,16.8423827095414,58.1707959936742,22.5,27,27
Rastrigin,MAQL-V1,3,37.1721197515988,13.614262560778,8.25333499563645,9.87408053858621,68.2583219049994,22.5,27,27
Rastrigin,MAQL-V2,1,0.574792564780049,66.1290322580645,22.5806451612903,6.45161290322581,4.83870967741935,18.9,22,27
Rastrigin,MAQL-V2,2,92.6667593751449,15.1368115652043,17.1477164724126,17.4578560352158,50.2576159271672,18.9,22,27
Rastrigin,MAQL-V2,3,6.75844806007509,49.7942386831276,11.2482853223594,11.5912208504801,27.3662551440329,18.9,22,27
Rosenbrock,MAQL-V1,1,52.077019907688,19.1674127126231,14.3777976723366,8.04834377797672,58.4064458370636,26.9,27,27
Rosenbrock,MAQL-V1,2,16.0613548417176,21.1320754716981,16.9811320754717,13.0043541364296,48.8824383164006,26.9,27,27
Rosenbrock,MAQL-V1,3,31.8616252505944,20.8077260755048,12.774363476734,9.80392156862745,56.6139888791337,26.9,27,27
Rosenbrock,MAQL-V2,1,21.2351787881617,23.4996702571994,27.4126181578369,14.4207518135854,34.6669597713783,27,27,27
Rosenbrock,MAQL-V2,2,34.2405004201288,18.0640763462849,18.3640081799591,12.8425357873211,50.7293796864349,27,27,27
Rosenbrock,MAQL-V2,3,44.5243207917095,22.8873977773118,13.8288949465297,12.4659257706018,50.8177815055567,27,27,27
Ackley,MAQL-V1,1,47.7453085612921,18.6840046929996,14.3038717246774,9.02424716464607,57.987876417677,27,27,27
Ackley,MAQL-V1,2,16.6697787321445,20.5264631755811,20.8905068608233,11.8174180901708,46.7656118734248,27,27,27
Ackley,MAQL-V1,3,35.5849127065633,16.7781713236259,16.8962350780533,10.8356290174472,55.4899645808737,27,27,27
Ackley,MAQL-V2,1,1.48740355117598,71.25,16.5625,3.125,9.0625,18.7,23,27
Ackley,MAQL-V2,2,88.0868271822999,16.0255395493642,10.6590681230542,11.8516173289008,61.4637749986808,18.7,23,27
Ackley,MAQL-V2,3,10.4257692665241,62.5947391885867,5.61747659384753,16.3620151582702,15.4257690592956,18.7,23,27
Griewank,MAQL-V1,1,54.0358113808943,19.8213046495489,18.7716863289382,8.11068702290076,53.2963219986121,27,27,27
Griewank,MAQL-V1,2,16.2791787756633,34.2931183414915,19.5796141664267,13.2450331125828,32.882234379499,27,27,27
Griewank,MAQL-V1,3,29.6850098434424,18.3957050371072,17.5903994947102,10.8005684509711,53.2133270172114,27,27,27
Griewank,MAQL-V2,1,14.4266567386448,36.3870967741936,17.6451612903226,19.0645161290323,26.9032258064516,26.7,27,27
Griewank,MAQL-V2,2,45.4951600893522,14.7094926350245,14.5253682487725,10.7508183306056,60.0143207855974,26.7,27,27
Griewank,MAQL-V2,3,40.078183172003,18.8922433813284,17.4640037157455,16.9182535996284,46.7254993032977,26.7,27,27
Elliptic,MAQL-V1,1,52.3003775695707,19.3582887700535,12.0053475935829,8.23529411764706,60.4010695187166,26.7,27,27
Elliptic,MAQL-V1,2,16.2960891250641,20.6235697940503,16.3901601830664,12.5,50.4862700228833,26.7,27,27
Elliptic,MAQL-V1,3,31.4035333053652,15.2738607688882,14.3684132403147,10.1677304438177,60.1899955469794,26.7,27,27
Elliptic,MAQL-V2,1,16.6342322305625,34.9860724233983,13.4540389972145,12.6462395543175,38.9136490250696,26.6,27,27
Elliptic,MAQL-V2,2,41.2797701788528,18.0042653496464,12.2011449096419,14.0868784375351,55.7077113031766,26.6,27,27
Elliptic,MAQL-V2,3,42.0859975905847,18.8153693713531,8.82968182318617,19.0465705163492,53.3083782891115,26.6,27,27
