Function,QLMeanError,QLStdError,A2MeanError,A2StdError,A4MeanError,A4StdError,QLChangeVsA4Percent,QLPairedWinsVsA4,QLPairedLossesVsA4
F03,1.59477921622477,0.87956558071908,11587.6992457881,3471.61103286034,0.859083667822858,0.327115777949032,85.6372406969802,1,2
F05,213.748162332264,60.6669684019585,216.404842692456,36.3083204993998,108.509115444088,33.6215849450458,96.9863651154756,0,3
F10,4822.95072948247,519.498008763263,6628.06763166945,701.320722817909,3927.38119888646,331.744166183455,22.8032239612984,0,3
F13,69933.6802743951,54695.5069623178,27053798.6383294,13125933.5867001,120335.985643099,73373.1887885023,-41.8846491341258,2,1
F15,32752.0160373696,24037.4908884372,501598.680837706,379937.389916197,66527.8640144947,21687.0986319463,-50.7694760345323,3,0
F19,395385.923939972,6899.24226520378,300846.964388167,230314.322822961,283426.601672997,115963.145911545,39.5020515386018,1,2
F25,389.067134974975,4.77251904924645,441.486229319968,17.2105716126235,386.906757631523,0.0378704238455336,0.558371571661698,1,2
F28,422.059391553877,21.4939415552362,518.627425787548,13.0858719178533,431.813107206954,40.8891599873788,-2.25878174846643,2,1
F30,1445264.79706029,618554.899697307,9238611.83180538,4074798.40215205,1692230.16952265,637529.280357633,-14.5940769116549,2,1
