Scenario,N,Scale,Run,Seed,Feasible,Late,Terrain,Obstacle,Angle,Distance,ReturnTime
N10_wide,10,1.2,1,20265101,1,0,0,0,0,493.970955145333,112.328492524222
N10_wide,10,1.2,2,20265102,1,0,0,0,0,447.526651699222,104.587775283204
N10_wide,10,1.2,3,20265103,1,0,0,0,0,386.676975424915,94.4461625708191
N10_tight,10,0.8,1,20265101,0,0,0,3,0,507.227854681835,142.765226919874
N10_tight,10,0.8,2,20265102,1,0,0,0,0,434.366067131901,120.630861159013
N10_tight,10,0.8,3,20265103,1,0,0,0,0,411.97937635464,127.060756935836
N15_wide,15,1.2,1,20265201,0,0,0,2,0,645.327503775251,152.554583962542
N15_wide,15,1.2,2,20265202,0,0,0,3,0,600.230907764629,145.038484627438
N15_wide,15,1.2,3,20265203,0,0,0,3,0,611.815378324458,146.969229720743
N15_tight,15,0.8,1,20265201,0,31.4085364648034,0,6,0,596.128442205833,173.485229177968
N15_tight,15,0.8,2,20265202,0,0,0,2,0,584.493299860859,162.668908065446
N15_tight,15,0.8,3,20265203,0,0,0,3,0,579.00625472426,160.974133541991
N20_wide,20,1.2,1,20265301,0,57.6780015612013,0,1,0,842.822446836453,200.470407806076
N20_wide,20,1.2,2,20265302,0,0,0,2,0,879.16741691115,206.527902818525
N20_wide,20,1.2,3,20265303,0,0,0,8,0,850.025995378764,202.501799012379
N20_tight,20,0.8,1,20265301,0,25.6390817236213,0,6,0,770.67412094584,206.33552305267
N20_tight,20,0.8,2,20265302,0,193.785228243412,0,2,0,770.953269604573,214.755698301052
N20_tight,20,0.8,3,20265303,0,68.7084588776006,0.236232437935813,3,0,683.432784350548,196.484585250017
