Function,Algorithm,Runs,MeanError,StdDevError,MedianError,MeanSeconds,TracingFEShare,TargetTracingFEShare,RecoveryFEShare,RecoveryRoundRate,RecoveryImprovementRate,TraceFreeRoundRate,BalancedModeRate,ExplorationRate,Action1Share,Action2Share,Action3Share
F03,V4.1-Random-NoRecovery,3,17806.974938591,3564.78137325951,18438.8129641199,41.0516980666667,0.400618992054231,0.400618992054231,0,0,0,0,0.256142690448408,0.0,0.331510807356782,0.33388342501528,0.334605767627938
F03,V4.1-EpsFixed-NoRecovery,3,10135.9232955416,3934.28609324048,10365.4535800514,40.8424479333333,0.400011112963272,0.400011112963272,0,0,0,0,0.253458909818303,0.27413457798522,0.09100961271323,0.817925209757182,0.0910651775295883
F05,V4.1-Random-NoRecovery,3,189.799047090417,61.374576363411,211.899910785511,37.8826658333333,0.400618992054231,0.400618992054231,0,0,0,0,0.239084291826416,0.0,0.331510807356782,0.33388342501528,0.334605767627938
F05,V4.1-EpsFixed-NoRecovery,3,243.163413267694,73.1799096083252,208.996721671437,38.0156444666667,0.400011112963272,0.400011112963272,0,0,0,0,0.263727287881314,0.27413457798522,0.09100961271323,0.817925209757182,0.0910651775295883
F13,V4.1-Random-NoRecovery,3,36734.0639269237,13408.396047498,43693.8952579912,38.2439205666667,0.400618992054231,0.400618992054231,0,0,0,0,0.308512529866089,0.0,0.331510807356782,0.33388342501528,0.334605767627938
F13,V4.1-EpsFixed-NoRecovery,3,39899.420359318,17591.691880565,48510.522901131,38.1430155666667,0.400011112963272,0.400011112963272,0,0,0,0,0.308795910429516,0.27413457798522,0.09100961271323,0.817925209757182,0.0910651775295883
F15,V4.1-Random-NoRecovery,3,22638.8231152088,14362.3484591543,24210.9115632871,38.6129341333333,0.400618992054231,0.400618992054231,0,0,0,0,0.33112741012391,0.0,0.331510807356782,0.33388342501528,0.334605767627938
F15,V4.1-EpsFixed-NoRecovery,3,13638.7075256263,12656.719369128,9038.48142497575,38.4435658333333,0.400011112963272,0.400011112963272,0,0,0,0,0.333755625937656,0.27413457798522,0.09100961271323,0.817925209757182,0.0910651775295883
F19,V4.1-Random-NoRecovery,3,46085.8584195792,50519.8021202969,31428.4569724523,44.2402379,0.400618992054231,0.400618992054231,0,0,0,0,0.348380285603156,0.0,0.331510807356782,0.33388342501528,0.334605767627938
F19,V4.1-EpsFixed-NoRecovery,3,5504.40642926033,2914.93470385789,4830.33735317951,44.1142302333333,0.400011112963272,0.400011112963272,0,0,0,0,0.343901761404678,0.27413457798522,0.09100961271323,0.817925209757182,0.0910651775295883
F30,V4.1-Random-NoRecovery,3,124414.755921531,62138.3715148506,135801.025968348,44.6120940333333,0.400618992054231,0.400618992054231,0,0,0,0,0.298360837917431,0.0,0.331510807356782,0.33388342501528,0.334605767627938
F30,V4.1-EpsFixed-NoRecovery,3,59323.4234853989,46223.7971188103,49279.4214906118,44.3919558666667,0.400011112963272,0.400011112963272,0,0,0,0,0.314163471689726,0.27413457798522,0.09100961271323,0.817925209757182,0.0910651775295883
