Function,FunctionID,Algorithm,Run,InitSeed,SearchSeed,Evaluations,BestCost,BestError,Seconds,TracingFEShare,GeneratedTracingCatShare,SelectedTracingCatShare,CandidateEvaluations,BudgetFillRate,ModeAllocationError,TraceFreeRoundRate,BalancedModeRate,ClassicCandidateGenerated,RangeCandidateGenerated,ClassicCandidateEvaluations,RangeCandidateEvaluations,ClassicCandidateSuccess,RangeCandidateSuccess,ClassicGlobalImprovements,RangeGlobalImprovements,QStateCount,Action1Share,Action2Share,Action3Share
F03,3,DSS-Classic,7,20271011,20371011,300000,5646.38277631547,5346.38277631547,53.4461,0.4,0.40012968828138,0.5,299950,1,0,0,0.258326387731289,7197244,0,179970,0,71469,0,585,0,27,1,0,0
F03,3,DSS-Range,7,20271011,20371011,300000,5149.87469902876,4849.87469902876,64.422159,0.4,0.40012968828138,0.5,299950,1,0,0,0.247907984664111,0,7197244,0,179970,0,71343,0,419,27,0,0,1
F03,3,DSS-Hybrid,7,20271011,20371011,300000,1015.68215012984,715.682150129843,62.4117763,0.4,0.40012968828138,0.5,299950,1,0,0,0.256109351558593,3598622,3598622,93129,86841,37170,32306,368,539,27,0,1,0
F03,3,DSS-RandomFamily,7,20271011,20371011,300000,2551.16591232498,2251.16591232498,61.7752552,0.4,0.400133688948157,0.5,299950,1,0,0,0.257859643273879,3581132,3616064,92091,87879,36282,35386,268,173,27,0.330488414735789,0.333855642607101,0.33565594265711
F03,3,DSS-QFamily,7,20271011,20371011,300000,6483.32425204328,6183.32425204328,60.2959995,0.4,0.400134689114851,0.5,299950,1,0,0,0.27044507417903,3472990,3724194,88537,91433,35474,37855,213,58,27,0.327537922987165,0.309684947491249,0.362777129521587
F03,3,DSS-QFamily9State,7,20271011,20371011,300000,14824.8121086715,14524.8121086715,58.6499179,0.4,0.400134689114851,0.5,299950,1,0,0,0.267094515752625,3438196,3758988,88417,91553,34883,37453,240,90,9,0.311801966994499,0.331838639773296,0.356359393232205
F03,3,DSS-Classic,8,20271012,20371012,300000,13040.7446757474,12740.7446757474,53.9168969,0.4,0.400445740956823,0.5,299950,1,0,0,0.27249541590265,7193452,0,179970,0,74435,0,370,0,27,1,0,0
F03,3,DSS-Range,8,20271012,20371012,300000,9405.16588542159,9105.16588542159,63.1031991,0.4,0.400445740956823,0.5,299950,1,0,0,0.269161526921154,0,7193452,0,179970,0,73804,0,314,27,0,0,1
F03,3,DSS-Hybrid,8,20271012,20371012,300000,10375.0580449077,10075.0580449077,60.2786676,0.4,0.400445740956823,0.5,299950,1,0,0,0.255325887647941,3596726,3596726,98289,81681,38892,32496,323,72,27,0,1,0
F03,3,DSS-RandomFamily,8,20271012,20371012,300000,14914.1437894821,14614.1437894821,58.49176,0.4,0.399983330555092,0.5,299950,1,0,0,0.254642440406734,3615484,3583516,92873,87097,35410,34080,209,129,27,0.336489414902484,0.331321886981164,0.332188698116353
F03,3,DSS-QFamily,8,20271012,20371012,300000,11924.845589841,11624.845589841,60.2300073,0.4,0.399995999333221,0.5,299950,1,0,0,0.263010501750292,3331556,3867292,85534,94436,33234,38566,288,180,27,0.291998666444407,0.341173528921487,0.366827804634106
F03,3,DSS-QFamily9State,8,20271012,20371012,300000,13169.4024330921,12869.4024330921,60.297789,0.4,0.399995999333221,0.5,299950,1,0,0,0.272328721453576,3731512,3467336,95820,84150,39523,34758,297,80,9,0.353842307051175,0.328771461910318,0.317386231038506
F03,3,DSS-Classic,9,20271013,20371013,300000,4289.5135847558,3989.5135847558,52.5297921,0.4,0.398973828971495,0.5,299950,1,0,0,0.25705950991832,7211112,0,179970,0,70150,0,597,0,27,1,0,0
F03,3,DSS-Range,9,20271013,20371013,300000,19261.9837228565,18961.9837228565,62.2913275,0.4,0.398973828971495,0.5,299950,1,0,0,0.273828971495249,0,7211112,0,179970,0,73961,0,932,27,0,0,1
F03,3,DSS-Hybrid,9,20271013,20371013,300000,390.559981781872,90.5599817818725,58.5558908,0.4,0.398973828971495,0.5,299950,1,0,0,0.244090681780297,3605556,3605556,94770,85200,36798,31849,296,731,27,0,1,0
F03,3,DSS-RandomFamily,9,20271013,20371013,300000,2005.71559146699,1705.71559146699,59.2611127,0.4,0.400083013835638,0.5,299950,1,0,0,0.242273712285381,3611464,3586340,91912,88058,34833,33227,287,312,27,0.335472578763127,0.332188698116353,0.33233872312052
F03,3,DSS-QFamily,9,20271013,20371013,300000,14132.3823904762,13832.3823904762,58.6749257,0.4,0.40037072845474,0.5,299950,1,0,0,0.262543757292882,3423192,3771160,87614,92356,34735,37862,201,59,27,0.310201700283381,0.331588598099683,0.358209701616936
F03,3,DSS-QFamily9State,9,20271013,20371013,300000,8481.85044375778,8181.85044375778,58.3061685,0.4,0.40037072845474,0.5,299950,1,0,0,0.264910818469745,3327432,3866920,84172,95798,33809,39082,174,317,9,0.310185030838473,0.304867477912986,0.384947491248541
F05,5,DSS-Classic,7,20271011,20371011,300000,855.316851064848,355.316851064848,52.6419148,0.4,0.40012968828138,0.5,299950,1,0,0,0.266227704617436,7197244,0,179970,0,70613,0,82,0,27,1,0,0
F05,5,DSS-Range,7,20271011,20371011,300000,694.914112994336,194.914112994336,64.0743366,0.4,0.40012968828138,0.5,299950,1,0,0,0.261910318386398,0,7197244,0,179970,0,70341,0,102,27,0,0,1
F05,5,DSS-Hybrid,7,20271011,20371011,300000,723.435708833294,223.435708833294,58.808802,0.4,0.40012968828138,0.5,299950,1,0,0,0.275245874312385,3598622,3598622,98174,81796,37818,33287,142,35,27,0,1,0
F05,5,DSS-RandomFamily,7,20271011,20371011,300000,739.485822012844,239.485822012844,58.3890766,0.4,0.400133688948157,0.5,299950,1,0,0,0.274329054842474,3581132,3616064,91443,88527,35862,35700,92,63,27,0.330488414735789,0.333855642607101,0.33565594265711
F05,5,DSS-QFamily,7,20271011,20371011,300000,650.135725984456,150.135725984456,61.4217628,0.4,0.400134689114851,0.5,299950,1,0,0,0.255692615435906,3073508,4123676,77835,102135,28362,40740,112,44,27,0.275579263210535,0.302967161193532,0.421453575595933
F05,5,DSS-QFamily9State,7,20271011,20371011,300000,777.849972648791,277.849972648791,59.0036779,0.4,0.400134689114851,0.5,299950,1,0,0,0.267177862977163,3141792,4055392,79691,100279,30496,40875,79,31,9,0.284447407901317,0.304150691781964,0.411401900316719
F05,5,DSS-Classic,8,20271012,20371012,300000,809.793314078905,309.793314078905,52.031532,0.4,0.400445740956823,0.5,299950,1,0,0,0.211901983663944,7193452,0,179970,0,61086,0,78,0,27,1,0,0
F05,5,DSS-Range,8,20271012,20371012,300000,721.025291111773,221.025291111773,62.6397917,0.4,0.400445740956823,0.5,299950,1,0,0,0.272345390898483,0,7193452,0,179970,0,71703,0,125,27,0,0,1
F05,5,DSS-Hybrid,8,20271012,20371012,300000,632.283981562322,132.283981562322,60.6574502,0.4,0.400445740956823,0.5,299950,1,0,0,0.273745624270712,3596726,3596726,94375,85595,37506,33719,136,38,27,0,1,0
F05,5,DSS-RandomFamily,8,20271012,20371012,300000,699.573475897031,199.573475897031,59.4568681,0.4,0.399983330555092,0.5,299950,1,0,0,0.262727121186864,3615484,3583516,92135,87835,34772,34493,112,39,27,0.336489414902484,0.331321886981164,0.332188698116353
F05,5,DSS-QFamily,8,20271012,20371012,300000,674.506835175687,174.506835175687,57.6307292,0.4,0.399995999333221,0.5,299950,1,0,0,0.257042840473412,3132284,4066564,79476,100494,29017,39756,68,37,27,0.286964494082347,0.296166027671279,0.416869478246374
F05,5,DSS-QFamily9State,8,20271012,20371012,300000,677.041722688972,177.041722688972,59.7315192,0.4,0.399995999333221,0.5,299950,1,0,0,0.282630438406401,3354236,3844612,84649,95321,33983,39190,100,40,9,0.307451241873646,0.316352725454242,0.376196032672112
F05,5,DSS-Classic,9,20271013,20371013,300000,717.118895737504,217.118895737504,51.7950943,0.4,0.398973828971495,0.5,299950,1,0,0,0.242140356726121,7211112,0,179970,0,66214,0,121,0,27,1,0,0
F05,5,DSS-Range,9,20271013,20371013,300000,679.666152593717,179.666152593717,61.7900445,0.4,0.398973828971495,0.5,299950,1,0,0,0.250075012502084,0,7211112,0,179970,0,68935,0,104,27,0,0,1
F05,5,DSS-Hybrid,9,20271013,20371013,300000,765.258525261475,265.258525261475,60.1942661,0.4,0.398973828971495,0.5,299950,1,0,0,0.217769628271379,3605556,3605556,97868,82102,34352,28920,112,24,27,0,1,0
F05,5,DSS-RandomFamily,9,20271013,20371013,300000,710.890509386341,210.890509386341,58.2090335,0.4,0.400083013835638,0.5,299950,1,0,0,0.252642107017836,3611464,3586340,91839,88131,34030,33733,51,66,27,0.335472578763127,0.332188698116353,0.33233872312052
F05,5,DSS-QFamily,9,20271013,20371013,300000,674.773011109277,174.773011109277,60.8024353,0.4,0.40037072845474,0.5,299950,1,0,0,0.257326221036839,3211280,3983072,81144,98826,29639,39102,79,52,27,0.294915819303217,0.30271711951992,0.402367061176863
F05,5,DSS-QFamily9State,9,20271013,20371013,300000,659.77877854956,159.77877854956,61.9526265,0.4,0.40037072845474,0.5,299950,1,0,0,0.262610435072512,3099040,4095312,78305,101665,29014,40381,109,71,9,0.279413235539257,0.302833805634272,0.417752958826471
F13,13,DSS-Classic,7,20271011,20371011,300000,27376.6025532222,26076.6025532222,50.9409059,0.4,0.40012968828138,0.5,299950,1,0,0,0.308001333555593,7197244,0,179970,0,77079,0,584,0,27,1,0,0
F13,13,DSS-Range,7,20271011,20371011,300000,10892.2085042648,9592.20850426481,62.6893162,0.4,0.40012968828138,0.5,299950,1,0,0,0.293715619269878,0,7197244,0,179970,0,73854,0,661,27,0,0,1
F13,13,DSS-Hybrid,7,20271011,20371011,300000,9264.71864329003,7964.71864329003,60.242305,0.4,0.40012968828138,0.5,299950,1,0,0,0.28913152192032,3598622,3598622,96870,83100,41683,34907,306,144,27,0,1,0
F13,13,DSS-RandomFamily,7,20271011,20371011,300000,48439.9571759687,47139.9571759687,59.9040143,0.4,0.400133688948157,0.5,299950,1,0,0,0.282330388398066,3581132,3616064,91915,88055,37574,36657,295,231,27,0.330488414735789,0.333855642607101,0.33565594265711
F13,13,DSS-QFamily,7,20271011,20371011,300000,8848.73184314113,7548.73184314113,60.8473201,0.4,0.400134689114851,0.5,299950,1,0,0,0.271545257542924,3378934,3818250,85573,94397,34293,37268,225,186,27,0.303850641773629,0.331305217536256,0.364844140690115
F13,13,DSS-QFamily9State,7,20271011,20371011,300000,38782.5175291263,37482.5175291263,59.5179101,0.4,0.400134689114851,0.5,299950,1,0,0,0.296316052675446,3463714,3733470,88043,91927,37549,40353,204,119,9,0.326237706284381,0.310051675279213,0.363710618436406
F13,13,DSS-Classic,8,20271012,20371012,300000,61916.1986600101,60616.1986600101,54.4279029,0.4,0.400445740956823,0.5,299950,1,0,0,0.322087014502417,7193452,0,179970,0,80620,0,241,0,27,1,0,0
F13,13,DSS-Range,8,20271012,20371012,300000,33243.2892509817,31943.2892509817,66.0943436,0.4,0.400445740956823,0.5,299950,1,0,0,0.268544757459577,0,7193452,0,179970,0,70249,0,645,27,0,0,1
F13,13,DSS-Hybrid,8,20271012,20371012,300000,51454.6451555838,50154.6451555838,58.7673438,0.4,0.400445740956823,0.5,299950,1,0,0,0.29728288048008,3596726,3596726,95426,84544,41032,35644,279,101,27,0,1,0
F13,13,DSS-RandomFamily,8,20271012,20371012,300000,64542.1373457973,63242.1373457973,58.6285579,0.4,0.399983330555092,0.5,299950,1,0,0,0.281663610601767,3615484,3583516,92889,87081,37529,36191,430,212,27,0.336489414902484,0.331321886981164,0.332188698116353
F13,13,DSS-QFamily,8,20271012,20371012,300000,19560.4707563398,18260.4707563398,62.1350681,0.4,0.399995999333221,0.5,299950,1,0,0,0.294115685947658,3257716,3941132,81645,98325,34275,42288,175,154,27,0.305784297382897,0.293398899816636,0.400816802800467
F13,13,DSS-QFamily9State,8,20271012,20371012,300000,13002.4697877579,11702.4697877579,59.2318214,0.4,0.399995999333221,0.5,299950,1,0,0,0.297882980496749,3396808,3802040,85221,94749,37108,40535,177,265,9,0.309584930821804,0.323670611768628,0.366744457409568
F13,13,DSS-Classic,9,20271013,20371013,300000,16365.4468305335,15065.4468305335,53.6812424,0.4,0.398973828971495,0.5,299950,1,0,0,0.307434572428738,7211112,0,179970,0,78948,0,282,0,27,1,0,0
F13,13,DSS-Range,9,20271013,20371013,300000,4198.71016371857,2898.71016371857,64.2281664,0.4,0.398973828971495,0.5,299950,1,0,0,0.285664277379563,0,7211112,0,179970,0,77183,0,480,27,0,0,1
F13,13,DSS-Hybrid,9,20271013,20371013,300000,8137.25694707485,6837.25694707485,61.8194219,0.4,0.398973828971495,0.5,299950,1,0,0,0.304700783463911,3605556,3605556,97123,82847,43167,36210,269,108,27,0,1,0
F13,13,DSS-RandomFamily,9,20271013,20371013,300000,41483.327419373,40183.327419373,61.2975771,0.4,0.400083013835638,0.5,299950,1,0,0,0.30510085014169,3611464,3586340,92210,87760,40085,38202,293,184,27,0.335472578763127,0.332188698116353,0.33233872312052
F13,13,DSS-QFamily,9,20271013,20371013,300000,53331.5397688282,52031.5397688282,58.9958563,0.4,0.40037072845474,0.5,299950,1,0,0,0.287564594099017,3493636,3700716,89256,90714,37558,38315,288,199,27,0.314519086514419,0.341956992832139,0.343523920653442
F13,13,DSS-QFamily9State,9,20271013,20371013,300000,11107.9560048078,9807.95600480775,60.9424719,0.4,0.40037072845474,0.5,299950,1,0,0,0.279546591098516,3413392,3780960,87207,92763,35432,38327,277,285,9,0.312285380896816,0.32465410901817,0.363060510085014
F15,15,DSS-Classic,7,20271011,20371011,300000,2877.56840125187,1377.56840125187,54.0886988,0.4,0.40012968828138,0.5,299950,1,0,0,0.319953325554259,7197244,0,179970,0,83499,0,1268,0,27,1,0,0
F15,15,DSS-Range,7,20271011,20371011,300000,12635.3472608216,11135.3472608216,63.7851761,0.4,0.40012968828138,0.5,299950,1,0,0,0.275029171528588,0,7197244,0,179970,0,73636,0,382,27,0,0,1
F15,15,DSS-Hybrid,7,20271011,20371011,300000,5786.46446397202,4286.46446397202,59.4619369,0.4,0.40012968828138,0.5,299950,1,0,0,0.299766627771295,3598622,3598622,91056,88914,40855,36940,278,394,27,0,1,0
F15,15,DSS-RandomFamily,7,20271011,20371011,300000,2065.68988878426,565.689888784259,57.1089077,0.4,0.400133688948157,0.5,299950,1,0,0,0.318769794965828,3581132,3616064,90893,89077,42425,40904,270,145,27,0.330488414735789,0.333855642607101,0.33565594265711
F15,15,DSS-QFamily,7,20271011,20371011,300000,1978.78893717481,478.788937174806,60.1912803,0.4,0.400134689114851,0.5,299950,1,0,0,0.321353558926488,3735394,3461790,95328,84642,44886,39314,361,104,27,0.348058009668278,0.341756959493249,0.310185030838473
F15,15,DSS-QFamily9State,7,20271011,20371011,300000,1686.59151077768,186.591510777679,60.8710613,0.4,0.400134689114851,0.5,299950,1,0,0,0.302883813968995,3541126,3656058,90222,89748,39728,39604,227,129,9,0.340006667777963,0.303867311218536,0.356126021003501
F15,15,DSS-Classic,8,20271012,20371012,300000,17717.3387538575,16217.3387538575,50.8231929,0.4,0.400445740956823,0.5,299950,1,0,0,0.356309384897483,7193452,0,179970,0,89506,0,509,0,27,1,0,0
F15,15,DSS-Range,8,20271012,20371012,300000,9479.22464959148,7979.22464959148,61.2934294,0.4,0.400445740956823,0.5,299950,1,0,0,0.320953492248708,0,7193452,0,179970,0,81879,0,418,27,0,0,1
F15,15,DSS-Hybrid,8,20271012,20371012,300000,30828.1497038294,29328.1497038294,60.3235665,0.4,0.400445740956823,0.5,299950,1,0,0,0.282863810635106,3596726,3596726,97522,82448,39267,34020,517,187,27,0,1,0
F15,15,DSS-RandomFamily,8,20271012,20371012,300000,1951.09789222117,451.097892221166,59.2200552,0.4,0.399983330555092,0.5,299950,1,0,0,0.303317219536589,3615484,3583516,91831,88139,40626,39218,152,73,27,0.336489414902484,0.331321886981164,0.332188698116353
F15,15,DSS-QFamily,8,20271012,20371012,300000,2188.8169299017,688.816929901703,59.508694,0.4,0.399995999333221,0.5,299950,1,0,0,0.295349224870812,3522490,3676358,90197,89773,38864,38147,270,262,27,0.314719119853309,0.349091515252542,0.336189364894149
F15,15,DSS-QFamily9State,8,20271012,20371012,300000,2679.27546228289,1179.27546228289,59.1601445,0.4,0.399995999333221,0.5,299950,1,0,0,0.280463410568428,3425138,3773710,87822,92148,36552,38739,321,194,9,0.319669944990832,0.311468578096349,0.368861476912819
F15,15,DSS-Classic,9,20271013,20371013,300000,6369.7016063447,4869.7016063447,51.9793361,0.4,0.398973828971495,0.5,299950,1,0,0,0.337722953825638,7211112,0,179970,0,86286,0,576,0,27,1,0,0
F15,15,DSS-Range,9,20271013,20371013,300000,4966.86313825963,3466.86313825963,63.5201585,0.4,0.398973828971495,0.5,299950,1,0,0,0.279596599433239,0,7211112,0,179970,0,75037,0,572,27,0,0,1
F15,15,DSS-Hybrid,9,20271013,20371013,300000,3131.79370102452,1631.79370102452,59.7265054,0.4,0.398973828971495,0.5,299950,1,0,0,0.284480746791132,3605556,3605556,97599,82371,40802,35046,545,158,27,0,1,0
F15,15,DSS-RandomFamily,9,20271013,20371013,300000,1836.84523149087,336.845231490868,58.9840692,0.4,0.400083013835638,0.5,299950,1,0,0,0.282113685614269,3611464,3586340,92789,87181,38979,36857,493,340,27,0.335472578763127,0.332188698116353,0.33233872312052
F15,15,DSS-QFamily,9,20271013,20371013,300000,1822.24151952937,322.241519529375,60.8198169,0.4,0.40037072845474,0.5,299950,1,0,0,0.305217536256043,3703414,3490938,94312,85658,41863,38438,339,81,27,0.344724120686781,0.340073345557593,0.315202533755626
F15,15,DSS-QFamily9State,9,20271013,20371013,300000,2832.29732918125,1332.29732918125,58.9266422,0.4,0.40037072845474,0.5,299950,1,0,0,0.315335889314886,3576772,3617580,91670,88300,41272,40119,368,159,9,0.329938323053842,0.334405734289048,0.33565594265711
F19,19,DSS-Classic,7,20271011,20371011,300000,7820.15247029074,5920.15247029074,59.5187986,0.4,0.40012968828138,0.5,299950,1,0,0,0.318336389398233,7197244,0,179970,0,79685,0,1711,0,27,1,0,0
F19,19,DSS-Range,7,20271011,20371011,300000,2539.25727485818,639.257274858181,70.001212,0.4,0.40012968828138,0.5,299950,1,0,0,0.291931988664777,0,7197244,0,179970,0,78086,0,275,27,0,0,1
F19,19,DSS-Hybrid,7,20271011,20371011,300000,3606.18889374189,1706.18889374189,69.2100039,0.4,0.40012968828138,0.5,299950,1,0,0,0.30020003333889,3598622,3598622,93325,86645,42169,36182,208,133,27,0,1,0
F19,19,DSS-RandomFamily,7,20271011,20371011,300000,5524.4290233106,3624.4290233106,68.5046599,0.4,0.400133688948157,0.5,299950,1,0,0,0.283380563427238,3581132,3616064,91793,88177,37817,36159,276,169,27,0.330488414735789,0.333855642607101,0.33565594265711
F19,19,DSS-QFamily,7,20271011,20371011,300000,6298.75458175532,4398.75458175532,66.2073883,0.4,0.400134689114851,0.5,299950,1,0,0,0.274295715952659,3502636,3694548,88021,91949,36012,37227,241,200,27,0.331355225870978,0.310568428071345,0.358076346057676
F19,19,DSS-QFamily9State,7,20271011,20371011,300000,2170.47064387566,270.470643875659,68.3025778,0.4,0.400134689114851,0.5,299950,1,0,0,0.29449908318053,3422546,3774638,87271,92699,37368,40317,246,183,9,0.312168694782464,0.327054509084847,0.360776796132689
F19,19,DSS-Classic,8,20271012,20371012,300000,6617.87912410165,4717.87912410165,61.1384122,0.4,0.400445740956823,0.5,299950,1,0,0,0.299233205534256,7193452,0,179970,0,76280,0,610,0,27,1,0,0
F19,19,DSS-Range,8,20271012,20371012,300000,7485.542882077,5585.542882077,70.5800027,0.4,0.400445740956823,0.5,299950,1,0,0,0.281346891148525,0,7193452,0,179970,0,75483,0,293,27,0,0,1
F19,19,DSS-Hybrid,8,20271012,20371012,300000,2666.30194892915,766.301948929153,68.4629456,0.4,0.400445740956823,0.5,299950,1,0,0,0.292415402567095,3596726,3596726,99184,80786,41685,35257,561,224,27,0,1,0
F19,19,DSS-RandomFamily,8,20271012,20371012,300000,2565.87447144069,665.874471440689,66.3731357,0.4,0.399983330555092,0.5,299950,1,0,0,0.300283380563427,3615484,3583516,91648,88322,39040,36687,265,291,27,0.336489414902484,0.331321886981164,0.332188698116353
F19,19,DSS-QFamily,8,20271012,20371012,300000,3750.47123832751,1850.47123832751,69.2663707,0.4,0.399995999333221,0.5,299950,1,0,0,0.30238373062177,3429944,3768904,87882,92088,38762,40706,282,209,27,0.311435239206534,0.329104850808468,0.359459909984997
F19,19,DSS-QFamily9State,8,20271012,20371012,300000,5174.75650906724,3274.75650906724,69.120285,0.4,0.399995999333221,0.5,299950,1,0,0,0.249508251375229,3454256,3744592,89008,90962,33955,37186,372,169,9,0.31371895315886,0.332155359226538,0.354125687614602
F19,19,DSS-Classic,9,20271013,20371013,300000,26384.5516774015,24484.5516774015,46.9225076,0.4,0.398973828971495,0.5,299950,1,0,0,0.322237039506584,7211112,0,179970,0,83698,0,401,0,27,1,0,0
F19,19,DSS-Range,9,20271013,20371013,300000,33982.9656928488,32082.9656928488,54.8034488,0.4,0.398973828971495,0.5,299950,1,0,0,0.28409734955826,0,7211112,0,179970,0,76549,0,304,27,0,0,1
F19,19,DSS-Hybrid,9,20271013,20371013,300000,4313.3886450239,2413.3886450239,53.7974849,0.4,0.398973828971495,0.5,299950,1,0,0,0.301633605600933,3605556,3605556,92967,87003,42126,37014,269,116,27,0,1,0
F19,19,DSS-RandomFamily,9,20271013,20371013,300000,4092.27529243612,2192.27529243612,53.2188609,0.4,0.400083013835638,0.5,299950,1,0,0,0.301016836139357,3611464,3586340,92252,87718,40288,38035,228,146,27,0.335472578763127,0.332188698116353,0.33233872312052
F19,19,DSS-QFamily,9,20271013,20371013,300000,8390.47377993217,6490.47377993217,50.6016559,0.4,0.40037072845474,0.5,299950,1,0,0,0.306951158526421,3465720,3728632,88663,91307,38899,40400,307,273,27,0.311318553092182,0.340740123353892,0.347941323553926
F19,19,DSS-QFamily9State,9,20271013,20371013,300000,5425.22033120889,3525.22033120889,49.2062473,0.4,0.40037072845474,0.5,299950,1,0,0,0.278713118853142,3752512,3441840,96185,83785,39699,35962,400,195,9,0.366211035172529,0.3111351891982,0.322653775629272
F30,30,DSS-Classic,7,20271011,20371011,300000,185292.331031717,182292.331031717,47.8393309,0.4,0.40012968828138,0.5,299950,1,0,0,0.312502083680613,7197244,0,179970,0,78359,0,620,0,27,1,0,0
F30,30,DSS-Range,7,20271011,20371011,300000,15010.110469931,12010.110469931,55.4878147,0.4,0.40012968828138,0.5,299950,1,0,0,0.273628938156359,0,7197244,0,179970,0,73314,0,402,27,0,0,1
F30,30,DSS-Hybrid,7,20271011,20371011,300000,38192.0423073162,35192.0423073162,49.6255681,0.4,0.40012968828138,0.5,299950,1,0,0,0.295415902650442,3598622,3598622,96942,83028,41073,35135,486,185,27,0,1,0
F30,30,DSS-RandomFamily,7,20271011,20371011,300000,13766.1355697751,10766.1355697751,49.6744512,0.4,0.400133688948157,0.5,299950,1,0,0,0.267977996332722,3581132,3616064,90662,89308,35949,35168,341,341,27,0.330488414735789,0.333855642607101,0.33565594265711
F30,30,DSS-QFamily,7,20271011,20371011,300000,17914.5464151465,14914.5464151465,52.1252689,0.4,0.400134689114851,0.5,299950,1,0,0,0.304300716786131,3638056,3559128,93458,86512,39691,37605,398,206,27,0.324954159026504,0.360910151691949,0.314135689281547
F30,30,DSS-QFamily9State,7,20271011,20371011,300000,66172.9864312822,63172.9864312822,50.3612774,0.4,0.400134689114851,0.5,299950,1,0,0,0.30530088348058,3421366,3775818,88090,91880,38122,42384,521,116,9,0.31583597266211,0.319169861643607,0.364994165694282
F30,30,DSS-Classic,8,20271012,20371012,300000,23007.3442060994,20007.3442060994,46.5969152,0.4,0.400445740956823,0.5,299950,1,0,0,0.31921986997833,7193452,0,179970,0,79701,0,810,0,27,1,0,0
F30,30,DSS-Range,8,20271012,20371012,300000,7740.07845561559,4740.07845561559,52.8844008,0.4,0.400445740956823,0.5,299950,1,0,0,0.276212702117019,0,7193452,0,179970,0,70867,0,597,27,0,0,1
F30,30,DSS-Hybrid,8,20271012,20371012,300000,11859.4507157412,8859.45071574116,52.7290896,0.4,0.400445740956823,0.5,299950,1,0,0,0.26719453242207,3596726,3596726,91158,88812,37321,32778,504,271,27,0,1,0
F30,30,DSS-RandomFamily,8,20271012,20371012,300000,24374.8613509013,21374.8613509013,52.1215115,0.4,0.399983330555092,0.5,299950,1,0,0,0.299399899983331,3615484,3583516,92208,87762,40330,38234,355,294,27,0.336489414902484,0.331321886981164,0.332188698116353
F30,30,DSS-QFamily,8,20271012,20371012,300000,35410.2196302904,32410.2196302904,49.1234311,0.4,0.399995999333221,0.5,299950,1,0,0,0.282363727287881,3662534,3536314,93858,86112,38331,34868,284,167,27,0.33783963993999,0.341840306717786,0.320320053342224
F30,30,DSS-QFamily9State,8,20271012,20371012,300000,7200.33724655982,4200.33724655982,51.1344122,0.4,0.399995999333221,0.5,299950,1,0,0,0.283397232872145,3413762,3785086,85794,94176,34610,39213,585,428,9,0.321153525587598,0.305584264044007,0.373262210368395
F30,30,DSS-Classic,9,20271013,20371013,300000,21348.8221605738,18348.8221605738,46.6853001,0.4,0.398973828971495,0.5,299950,1,0,0,0.294449074845808,7211112,0,179970,0,75670,0,797,0,27,1,0,0
F30,30,DSS-Range,9,20271013,20371013,300000,55390.242876673,52390.242876673,53.1707271,0.4,0.398973828971495,0.5,299950,1,0,0,0.274912485414236,0,7211112,0,179970,0,73364,0,273,27,0,0,1
F30,30,DSS-Hybrid,9,20271013,20371013,300000,14791.8825627921,11791.8825627921,51.3775161,0.4,0.398973828971495,0.5,299950,1,0,0,0.291465244207368,3605556,3605556,95539,84431,40947,34759,640,134,27,0,1,0
F30,30,DSS-RandomFamily,9,20271013,20371013,300000,26869.7437385683,23869.7437385683,49.8953281,0.4,0.400083013835638,0.5,299950,1,0,0,0.288364727454576,3611464,3586340,92362,87608,37912,36060,191,130,27,0.335472578763127,0.332188698116353,0.33233872312052
F30,30,DSS-QFamily,9,20271013,20371013,300000,85361.0920328588,82361.0920328588,52.9727464,0.4,0.40037072845474,0.5,299950,1,0,0,0.279513252208701,3556284,3638068,91993,87977,38526,38842,223,113,27,0.343040506751125,0.30238373062177,0.354575762627104
F30,30,DSS-QFamily9State,9,20271013,20371013,300000,12643.2249459725,9643.22494597251,53.0142666,0.4,0.40037072845474,0.5,299950,1,0,0,0.287597932988831,3301280,3893072,83485,96485,34452,39689,331,362,9,0.287964660776796,0.341956992832139,0.370078346391065
