method,function_id,seed,final_cost,seconds,evaluations,mutation_evaluations,status,protocol
ASE-CSO,1,101,744.994977545181,7.6451088,60000,0,ok,D30_FE60000_same_population
CLPSO,1,101,66843183.251147,0.3873112,60000,0,ok,D30_FE60000_same_population
NRLPSO,1,101,884.161088308213,3.8269898,60000,26130,ok,D30_FE60000_same_population
ASE-CSO,3,101,6455.32152879189,7.3984237,60000,0,ok,D30_FE60000_same_population
CLPSO,3,101,81903.9209880419,0.4065603,60000,0,ok,D30_FE60000_same_population
NRLPSO,3,101,860.986299097649,2.652752,60000,37812,ok,D30_FE60000_same_population
ASE-CSO,4,101,403.990080244953,7.569144,60000,0,ok,D30_FE60000_same_population
CLPSO,4,101,569.46596681532,0.3837372,60000,0,ok,D30_FE60000_same_population
NRLPSO,4,101,488.41592777873,3.937504,60000,25590,ok,D30_FE60000_same_population
ASE-CSO,5,101,580.600211840218,8.8936657,60000,0,ok,D30_FE60000_same_population
CLPSO,5,101,657.673320809763,0.6471518,60000,0,ok,D30_FE60000_same_population
NRLPSO,5,101,675.111741338944,4.0068281,60000,28608,ok,D30_FE60000_same_population
ASE-CSO,6,101,600.557219193308,7.8779136,60000,0,ok,D30_FE60000_same_population
CLPSO,6,101,603.987801785973,0.6831369,60000,0,ok,D30_FE60000_same_population
NRLPSO,6,101,621.394341592536,3.5753225,60000,31266,ok,D30_FE60000_same_population
ASE-CSO,7,101,837.338205945231,7.4707254,60000,0,ok,D30_FE60000_same_population
CLPSO,7,101,883.259567602326,0.4610853,60000,0,ok,D30_FE60000_same_population
NRLPSO,7,101,846.805086937711,3.529597,60000,29709,ok,D30_FE60000_same_population
ASE-CSO,8,101,878.04183367074,7.5482576,60000,0,ok,D30_FE60000_same_population
CLPSO,8,101,953.284271281103,0.4682988,60000,0,ok,D30_FE60000_same_population
NRLPSO,8,101,944.268415879366,3.8041454,60000,27622,ok,D30_FE60000_same_population
ASE-CSO,9,101,1341.50176012154,8.7545734,60000,0,ok,D30_FE60000_same_population
CLPSO,9,101,4015.47270331039,0.6387051,60000,0,ok,D30_FE60000_same_population
NRLPSO,9,101,3248.83270996067,3.5588437,60000,33852,ok,D30_FE60000_same_population
ASE-CSO,10,101,4957.15781373638,7.5773318,60000,0,ok,D30_FE60000_same_population
CLPSO,10,101,5821.08242493335,0.500595,60000,0,ok,D30_FE60000_same_population
NRLPSO,10,101,4798.18077778819,3.4530224,60000,31162,ok,D30_FE60000_same_population
ASE-CSO,11,101,1319.32756833894,7.4005414,60000,0,ok,D30_FE60000_same_population
CLPSO,11,101,1548.31305206825,0.418848,60000,0,ok,D30_FE60000_same_population
NRLPSO,11,101,1332.10461756394,3.8683655,60000,26720,ok,D30_FE60000_same_population
ASE-CSO,12,101,1267513.03473001,7.4696044,60000,0,ok,D30_FE60000_same_population
CLPSO,12,101,58694712.309637,0.4485808,60000,0,ok,D30_FE60000_same_population
NRLPSO,12,101,455015.906568039,3.7600601,60000,28258,ok,D30_FE60000_same_population
ASE-CSO,13,101,18233.1895278956,8.6938645,60000,0,ok,D30_FE60000_same_population
CLPSO,13,101,2521160.51505626,0.5494865,60000,0,ok,D30_FE60000_same_population
NRLPSO,13,101,8419.00487875792,3.3078639,60000,36135,ok,D30_FE60000_same_population
ASE-CSO,14,101,15543.7735544977,7.6055394,60000,0,ok,D30_FE60000_same_population
CLPSO,14,101,101412.5022532,0.5104342,60000,0,ok,D30_FE60000_same_population
NRLPSO,14,101,1789.53930414777,2.7587899,60000,38044,ok,D30_FE60000_same_population
ASE-CSO,15,101,5598.33876374446,7.4516438,60000,0,ok,D30_FE60000_same_population
CLPSO,15,101,113307.452343819,0.3721864,60000,0,ok,D30_FE60000_same_population
NRLPSO,15,101,16934.4655872984,2.6932298,60000,37947,ok,D30_FE60000_same_population
ASE-CSO,16,101,1966.84744229276,7.6951636,60000,0,ok,D30_FE60000_same_population
CLPSO,16,101,2722.34682605991,0.4727771,60000,0,ok,D30_FE60000_same_population
NRLPSO,16,101,2308.47620865698,3.3427586,60000,32418,ok,D30_FE60000_same_population
ASE-CSO,17,101,1952.50906909395,9.1739518,60000,0,ok,D30_FE60000_same_population
CLPSO,17,101,1991.62394932288,0.7938098,60000,0,ok,D30_FE60000_same_population
NRLPSO,17,101,1925.1080930075,4.0959002,60000,28180,ok,D30_FE60000_same_population
ASE-CSO,18,101,78256.1908134832,7.3278389,60000,0,ok,D30_FE60000_same_population
CLPSO,18,101,127026.45838114,0.421952,60000,0,ok,D30_FE60000_same_population
NRLPSO,18,101,28598.1505031837,2.5615679,60000,38309,ok,D30_FE60000_same_population
ASE-CSO,19,101,8367.37622907368,8.4805834,60000,0,ok,D30_FE60000_same_population
CLPSO,19,101,169282.450067924,1.4550166,60000,0,ok,D30_FE60000_same_population
NRLPSO,19,101,13606.3373094379,3.8099882,60000,36760,ok,D30_FE60000_same_population
ASE-CSO,20,101,2309.54155328035,7.4607049,60000,0,ok,D30_FE60000_same_population
CLPSO,20,101,2388.26352470121,0.5976689,60000,0,ok,D30_FE60000_same_population
NRLPSO,20,101,2491.48944798083,3.3107253,60000,34658,ok,D30_FE60000_same_population
ASE-CSO,21,101,2365.36636042154,7.6733341,60000,0,ok,D30_FE60000_same_population
CLPSO,21,101,2448.01752084541,0.7373816,60000,0,ok,D30_FE60000_same_population
NRLPSO,21,101,2510.00708919226,3.9895057,60000,27162,ok,D30_FE60000_same_population
ASE-CSO,22,101,6619.13027875785,7.7709486,60000,0,ok,D30_FE60000_same_population
CLPSO,22,101,3073.99289906164,0.8382352,60000,0,ok,D30_FE60000_same_population
NRLPSO,22,101,2302.45986449393,4.1821163,60000,26168,ok,D30_FE60000_same_population
ASE-CSO,23,101,2767.16021685157,7.8079328,60000,0,ok,D30_FE60000_same_population
CLPSO,23,101,2810.32058637353,0.8803614,60000,0,ok,D30_FE60000_same_population
NRLPSO,23,101,3045.01870058845,3.3709226,60000,35404,ok,D30_FE60000_same_population
ASE-CSO,24,101,2891.59748769297,8.3840983,60000,0,ok,D30_FE60000_same_population
CLPSO,24,101,3011.09246602698,0.9917182,60000,0,ok,D30_FE60000_same_population
NRLPSO,24,101,3135.5405781015,4.2023688,60000,29780,ok,D30_FE60000_same_population
ASE-CSO,25,101,2886.9180783923,8.0469223,60000,0,ok,D30_FE60000_same_population
CLPSO,25,101,2960.967983533,0.9049635,60000,0,ok,D30_FE60000_same_population
NRLPSO,25,101,2889.12923363765,3.466562,60000,35640,ok,D30_FE60000_same_population
ASE-CSO,26,101,2800.01934227639,8.7830357,60000,0,ok,D30_FE60000_same_population
CLPSO,26,101,5433.10006225391,1.06627,60000,0,ok,D30_FE60000_same_population
NRLPSO,26,101,3711.05547125168,4.6376252,60000,25612,ok,D30_FE60000_same_population
ASE-CSO,27,101,3214.8348298113,8.7363177,60000,0,ok,D30_FE60000_same_population
CLPSO,27,101,3238.87037385627,1.1626503,60000,0,ok,D30_FE60000_same_population
NRLPSO,27,101,3205.26135724403,3.4797695,60000,38818,ok,D30_FE60000_same_population
ASE-CSO,28,101,3153.92266633767,8.9190637,60000,0,ok,D30_FE60000_same_population
CLPSO,28,101,3469.13356861487,1.1074309,60000,0,ok,D30_FE60000_same_population
NRLPSO,28,101,3284.40329422219,3.7221639,60000,36934,ok,D30_FE60000_same_population
ASE-CSO,29,101,3984.05368843067,8.6855847,60000,0,ok,D30_FE60000_same_population
CLPSO,29,101,3910.99304379115,0.8905407,60000,0,ok,D30_FE60000_same_population
NRLPSO,29,101,3748.70369137617,3.9650801,60000,31497,ok,D30_FE60000_same_population
ASE-CSO,30,101,47381.4057289189,9.3622841,60000,0,ok,D30_FE60000_same_population
CLPSO,30,101,1592222.69506208,1.7929557,60000,0,ok,D30_FE60000_same_population
NRLPSO,30,101,4938.39778310637,4.5556558,60000,35441,ok,D30_FE60000_same_population
ASE-CSO,1,102,2059.81309540416,7.8500983,60000,0,ok,D30_FE60000_same_population
CLPSO,1,102,36901281.2195934,0.4004339,60000,0,ok,D30_FE60000_same_population
NRLPSO,1,102,1059.66674252309,3.9922114,60000,26644,ok,D30_FE60000_same_population
ASE-CSO,3,102,7186.33918375347,12.3275713,60000,0,ok,D30_FE60000_same_population
CLPSO,3,102,100981.893231984,0.6174834,60000,0,ok,D30_FE60000_same_population
NRLPSO,3,102,4627.65162848805,3.9290702,60000,37246,ok,D30_FE60000_same_population
ASE-CSO,4,102,508.868179054322,11.7444391,60000,0,ok,D30_FE60000_same_population
CLPSO,4,102,591.95851834042,0.6157263,60000,0,ok,D30_FE60000_same_population
NRLPSO,4,102,477.172649328453,6.263423,60000,25752,ok,D30_FE60000_same_population
ASE-CSO,5,102,620.178590760953,11.9496059,60000,0,ok,D30_FE60000_same_population
CLPSO,5,102,653.308762646457,0.7288715,60000,0,ok,D30_FE60000_same_population
NRLPSO,5,102,594.520827714291,5.6122647,60000,28560,ok,D30_FE60000_same_population
ASE-CSO,6,102,601.057633294796,11.6976963,60000,0,ok,D30_FE60000_same_population
CLPSO,6,102,602.091978782919,1.0493843,60000,0,ok,D30_FE60000_same_population
NRLPSO,6,102,619.049212489417,5.1436038,60000,32510,ok,D30_FE60000_same_population
ASE-CSO,7,102,834.200891255059,7.9167658,60000,0,ok,D30_FE60000_same_population
CLPSO,7,102,899.282859552054,0.4986124,60000,0,ok,D30_FE60000_same_population
NRLPSO,7,102,842.221169378574,3.6267378,60000,30202,ok,D30_FE60000_same_population
ASE-CSO,8,102,889.549145861844,7.9926714,60000,0,ok,D30_FE60000_same_population
CLPSO,8,102,960.086981930887,0.4724973,60000,0,ok,D30_FE60000_same_population
NRLPSO,8,102,925.364417015094,3.8367695,60000,28614,ok,D30_FE60000_same_population
ASE-CSO,9,102,970.896568534631,7.2831289,60000,0,ok,D30_FE60000_same_population
CLPSO,9,102,3272.20015444354,0.4858177,60000,0,ok,D30_FE60000_same_population
NRLPSO,9,102,2303.56267608708,3.2153132,60000,34508,ok,D30_FE60000_same_population
ASE-CSO,10,102,4028.42250559019,7.3925006,60000,0,ok,D30_FE60000_same_population
CLPSO,10,102,6448.24770945566,0.5509034,60000,0,ok,D30_FE60000_same_population
NRLPSO,10,102,5366.93004475061,2.945913,60000,35522,ok,D30_FE60000_same_population
ASE-CSO,11,102,1205.41818486489,7.2764986,60000,0,ok,D30_FE60000_same_population
CLPSO,11,102,1324.95801790355,0.3878228,60000,0,ok,D30_FE60000_same_population
NRLPSO,11,102,1274.0953146115,3.7731036,60000,26496,ok,D30_FE60000_same_population
ASE-CSO,12,102,497774.898587905,7.2812178,60000,0,ok,D30_FE60000_same_population
CLPSO,12,102,31555479.7857602,0.4233588,60000,0,ok,D30_FE60000_same_population
NRLPSO,12,102,760349.714959566,3.7404076,60000,27286,ok,D30_FE60000_same_population
ASE-CSO,13,102,63105.744837845,7.4442595,60000,0,ok,D30_FE60000_same_population
CLPSO,13,102,17932026.8708996,0.4130373,60000,0,ok,D30_FE60000_same_population
NRLPSO,13,102,15454.3285636182,3.6596036,60000,27067,ok,D30_FE60000_same_population
ASE-CSO,14,102,7225.43021996084,7.3614678,60000,0,ok,D30_FE60000_same_population
CLPSO,14,102,158134.607838858,0.4709913,60000,0,ok,D30_FE60000_same_population
NRLPSO,14,102,2076.97945766014,2.6799759,60000,38328,ok,D30_FE60000_same_population
ASE-CSO,15,102,5699.50654485181,7.3842565,60000,0,ok,D30_FE60000_same_population
CLPSO,15,102,32684.1406040663,0.3801508,60000,0,ok,D30_FE60000_same_population
NRLPSO,15,102,2957.45710638952,2.7586724,60000,37531,ok,D30_FE60000_same_population
ASE-CSO,16,102,2449.8876333221,7.3260808,60000,0,ok,D30_FE60000_same_population
CLPSO,16,102,2600.74229256845,0.4389559,60000,0,ok,D30_FE60000_same_population
NRLPSO,16,102,2225.17891794907,2.9345749,60000,35311,ok,D30_FE60000_same_population
ASE-CSO,17,102,1770.87259416121,7.4051833,60000,0,ok,D30_FE60000_same_population
CLPSO,17,102,1929.00643828549,0.5921424,60000,0,ok,D30_FE60000_same_population
NRLPSO,17,102,1942.4532442928,3.6752563,60000,28978,ok,D30_FE60000_same_population
ASE-CSO,18,102,112337.59784778,7.5839334,60000,0,ok,D30_FE60000_same_population
CLPSO,18,102,1254893.0172783,0.418672,60000,0,ok,D30_FE60000_same_population
NRLPSO,18,102,30209.5091348423,2.6967207,60000,37905,ok,D30_FE60000_same_population
ASE-CSO,19,102,8009.33379666256,8.8401987,60000,0,ok,D30_FE60000_same_population
CLPSO,19,102,70152.5343365828,1.4651025,60000,0,ok,D30_FE60000_same_population
NRLPSO,19,102,2128.56620428982,4.0241192,60000,34659,ok,D30_FE60000_same_population
ASE-CSO,20,102,2519.53817051456,7.6617185,60000,0,ok,D30_FE60000_same_population
CLPSO,20,102,2300.52492660361,0.6309825,60000,0,ok,D30_FE60000_same_population
NRLPSO,20,102,2481.75878998139,3.2110398,60000,35370,ok,D30_FE60000_same_population
ASE-CSO,21,102,2383.8191593903,7.7488335,60000,0,ok,D30_FE60000_same_population
CLPSO,21,102,2462.94214575991,0.7322512,60000,0,ok,D30_FE60000_same_population
NRLPSO,21,102,2440.55815393306,3.2270243,60000,35420,ok,D30_FE60000_same_population
ASE-CSO,22,102,2300.01193048709,7.939867,60000,0,ok,D30_FE60000_same_population
CLPSO,22,102,3070.34930677509,0.8777387,60000,0,ok,D30_FE60000_same_population
NRLPSO,22,102,2303.36270295613,4.1424377,60000,26340,ok,D30_FE60000_same_population
ASE-CSO,23,102,2759.5567711727,7.6301745,60000,0,ok,D30_FE60000_same_population
CLPSO,23,102,2779.25219236458,0.9280207,60000,0,ok,D30_FE60000_same_population
NRLPSO,23,102,2890.62535326576,4.1949925,60000,27644,ok,D30_FE60000_same_population
ASE-CSO,24,102,2921.33722084066,7.8214312,60000,0,ok,D30_FE60000_same_population
CLPSO,24,102,3043.35385494299,0.9381133,60000,0,ok,D30_FE60000_same_population
NRLPSO,24,102,3126.11232696249,3.9673392,60000,29842,ok,D30_FE60000_same_population
ASE-CSO,25,102,2883.470519573,7.8826898,60000,0,ok,D30_FE60000_same_population
CLPSO,25,102,2948.6934238052,0.872892,60000,0,ok,D30_FE60000_same_population
NRLPSO,25,102,2882.28809794767,3.7824746,60000,31625,ok,D30_FE60000_same_population
ASE-CSO,26,102,4644.41703532285,7.9063378,60000,0,ok,D30_FE60000_same_population
CLPSO,26,102,5410.07395638754,1.0436489,60000,0,ok,D30_FE60000_same_population
NRLPSO,26,102,3808.66312671317,4.3788155,60000,26344,ok,D30_FE60000_same_population
ASE-CSO,27,102,3217.35289340732,8.0518302,60000,0,ok,D30_FE60000_same_population
CLPSO,27,102,3235.11809071207,1.1465089,60000,0,ok,D30_FE60000_same_population
NRLPSO,27,102,3200.00727124878,3.4186788,60000,39139,ok,D30_FE60000_same_population
ASE-CSO,28,102,3207.59525529185,8.0650477,60000,0,ok,D30_FE60000_same_population
CLPSO,28,102,3409.95170563717,1.0307345,60000,0,ok,D30_FE60000_same_population
NRLPSO,28,102,3300.00699938391,3.1909831,60000,38682,ok,D30_FE60000_same_population
ASE-CSO,29,102,3747.85446245028,8.2856669,60000,0,ok,D30_FE60000_same_population
CLPSO,29,102,3777.43345946388,0.8956021,60000,0,ok,D30_FE60000_same_population
NRLPSO,29,102,3733.58234622745,4.0659253,60000,30166,ok,D30_FE60000_same_population
ASE-CSO,30,102,9797.01929386171,9.1045912,60000,0,ok,D30_FE60000_same_population
CLPSO,30,102,1381233.68293551,1.785702,60000,0,ok,D30_FE60000_same_population
NRLPSO,30,102,10198.4922230874,4.3072149,60000,36696,ok,D30_FE60000_same_population
ASE-CSO,1,103,5085.42937661918,8.0455024,60000,0,ok,D30_FE60000_same_population
CLPSO,1,103,24010812.0899659,0.393939,60000,0,ok,D30_FE60000_same_population
NRLPSO,1,103,1375898409.69437,3.759494,60000,27014,ok,D30_FE60000_same_population
ASE-CSO,3,103,11159.8298533247,7.6300568,60000,0,ok,D30_FE60000_same_population
CLPSO,3,103,94120.8876026174,0.4095195,60000,0,ok,D30_FE60000_same_population
NRLPSO,3,103,768.915104295374,2.8017746,60000,38108,ok,D30_FE60000_same_population
ASE-CSO,4,103,458.713805073216,7.9120725,60000,0,ok,D30_FE60000_same_population
CLPSO,4,103,590.439517339192,0.3991953,60000,0,ok,D30_FE60000_same_population
NRLPSO,4,103,501.854451427165,3.6140899,60000,31760,ok,D30_FE60000_same_population
ASE-CSO,5,103,577.607021095335,7.9754718,60000,0,ok,D30_FE60000_same_population
CLPSO,5,103,630.946919991578,0.4922983,60000,0,ok,D30_FE60000_same_population
NRLPSO,5,103,621.384514377032,4.1195073,60000,27668,ok,D30_FE60000_same_population
ASE-CSO,6,103,600.439274154435,8.0350699,60000,0,ok,D30_FE60000_same_population
CLPSO,6,103,603.823158591195,0.7476565,60000,0,ok,D30_FE60000_same_population
NRLPSO,6,103,639.028665967428,3.8942159,60000,29680,ok,D30_FE60000_same_population
ASE-CSO,7,103,849.336365143777,7.8375276,60000,0,ok,D30_FE60000_same_population
CLPSO,7,103,871.446776113796,0.4570718,60000,0,ok,D30_FE60000_same_population
NRLPSO,7,103,801.788333646079,3.699473,60000,30062,ok,D30_FE60000_same_population
ASE-CSO,8,103,873.627477757737,9.8631453,60000,0,ok,D30_FE60000_same_population
CLPSO,8,103,930.855690769958,0.4758713,60000,0,ok,D30_FE60000_same_population
NRLPSO,8,103,884.571226839257,3.8691184,60000,27660,ok,D30_FE60000_same_population
ASE-CSO,9,103,905.515428820534,12.2273477,60000,0,ok,D30_FE60000_same_population
CLPSO,9,103,2531.27860909706,0.7896844,60000,0,ok,D30_FE60000_same_population
NRLPSO,9,103,4279.75796174807,4.9248119,60000,34226,ok,D30_FE60000_same_population
ASE-CSO,10,103,6089.56341419294,12.0206855,60000,0,ok,D30_FE60000_same_population
CLPSO,10,103,5896.87832597637,0.8097409,60000,0,ok,D30_FE60000_same_population
NRLPSO,10,103,5097.42414164268,4.5268903,60000,37659,ok,D30_FE60000_same_population
ASE-CSO,11,103,1241.49855180875,11.8323541,60000,0,ok,D30_FE60000_same_population
CLPSO,11,103,1601.12369921381,0.7368447,60000,0,ok,D30_FE60000_same_population
NRLPSO,11,103,1353.7444761992,4.8034237,60000,33914,ok,D30_FE60000_same_population
ASE-CSO,12,103,394906.182181089,9.8487332,60000,0,ok,D30_FE60000_same_population
CLPSO,12,103,50961781.8980186,0.6849842,60000,0,ok,D30_FE60000_same_population
NRLPSO,12,103,28317.2483994547,5.552512,60000,29596,ok,D30_FE60000_same_population
ASE-CSO,13,103,10758.5980483589,8.0127496,60000,0,ok,D30_FE60000_same_population
CLPSO,13,103,5870051.8199732,0.4678875,60000,0,ok,D30_FE60000_same_population
NRLPSO,13,103,65192.742425779,4.0182825,60000,26890,ok,D30_FE60000_same_population
ASE-CSO,14,103,1810.8223724813,8.1839587,60000,0,ok,D30_FE60000_same_population
CLPSO,14,103,76272.120497305,0.5456645,60000,0,ok,D30_FE60000_same_population
NRLPSO,14,103,1732.46344316633,2.9922895,60000,37890,ok,D30_FE60000_same_population
ASE-CSO,15,103,2894.44099866842,7.3103981,60000,0,ok,D30_FE60000_same_population
CLPSO,15,103,54122.9458949762,0.3657248,60000,0,ok,D30_FE60000_same_population
NRLPSO,15,103,5075.12207641044,2.598126,60000,38601,ok,D30_FE60000_same_population
ASE-CSO,16,103,2341.56654044177,7.4282047,60000,0,ok,D30_FE60000_same_population
CLPSO,16,103,2589.52034729888,0.4279424,60000,0,ok,D30_FE60000_same_population
NRLPSO,16,103,2014.97619639071,3.5303416,60000,29952,ok,D30_FE60000_same_population
ASE-CSO,17,103,1847.75846221025,7.4786472,60000,0,ok,D30_FE60000_same_population
CLPSO,17,103,2051.67077761321,0.6041093,60000,0,ok,D30_FE60000_same_population
NRLPSO,17,103,1877.91043579332,3.4574882,60000,30938,ok,D30_FE60000_same_population
ASE-CSO,18,103,155837.726011445,7.3680986,60000,0,ok,D30_FE60000_same_population
CLPSO,18,103,1029061.64954092,0.4710123,60000,0,ok,D30_FE60000_same_population
NRLPSO,18,103,77948.3795335024,2.6469491,60000,38283,ok,D30_FE60000_same_population
ASE-CSO,19,103,2714.63592284258,8.3315836,60000,0,ok,D30_FE60000_same_population
CLPSO,19,103,29149.4921338026,1.4597238,60000,0,ok,D30_FE60000_same_population
NRLPSO,19,103,5811.94358646225,3.8626064,60000,37522,ok,D30_FE60000_same_population
ASE-CSO,20,103,2182.65053480588,7.6880765,60000,0,ok,D30_FE60000_same_population
CLPSO,20,103,2254.81063853548,0.608122,60000,0,ok,D30_FE60000_same_population
NRLPSO,20,103,2348.35149252017,3.2768674,60000,33282,ok,D30_FE60000_same_population
ASE-CSO,21,103,2393.54901397206,7.5824372,60000,0,ok,D30_FE60000_same_population
CLPSO,21,103,2457.21603372158,0.7340455,60000,0,ok,D30_FE60000_same_population
NRLPSO,21,103,2415.95120352027,4.073932,60000,27234,ok,D30_FE60000_same_population
ASE-CSO,22,103,4614.14868119049,7.750183,60000,0,ok,D30_FE60000_same_population
CLPSO,22,103,7886.75736180062,0.8289085,60000,0,ok,D30_FE60000_same_population
NRLPSO,22,103,2302.49457570669,4.1524718,60000,26105,ok,D30_FE60000_same_population
ASE-CSO,23,103,2740.0599639765,8.0045414,60000,0,ok,D30_FE60000_same_population
CLPSO,23,103,2822.51806263698,0.8877931,60000,0,ok,D30_FE60000_same_population
NRLPSO,23,103,2931.36903308483,3.4051599,60000,35009,ok,D30_FE60000_same_population
ASE-CSO,24,103,2878.66621208733,8.0785216,60000,0,ok,D30_FE60000_same_population
CLPSO,24,103,3045.18303560237,0.9828586,60000,0,ok,D30_FE60000_same_population
NRLPSO,24,103,3146.66236492663,3.3597401,60000,36794,ok,D30_FE60000_same_population
ASE-CSO,25,103,2883.48547454306,7.8369354,60000,0,ok,D30_FE60000_same_population
CLPSO,25,103,2966.85480251054,0.8757152,60000,0,ok,D30_FE60000_same_population
NRLPSO,25,103,2904.48604166655,3.3568217,60000,37277,ok,D30_FE60000_same_population
ASE-CSO,26,103,2900.0112369656,8.1150875,60000,0,ok,D30_FE60000_same_population
CLPSO,26,103,5305.19425376188,1.0710127,60000,0,ok,D30_FE60000_same_population
NRLPSO,26,103,3579.19277968595,4.5048676,60000,25944,ok,D30_FE60000_same_population
ASE-CSO,27,103,3217.26379808339,8.2624792,60000,0,ok,D30_FE60000_same_population
CLPSO,27,103,3241.82927023537,1.1755258,60000,0,ok,D30_FE60000_same_population
NRLPSO,27,103,3200.00725452865,3.2954608,60000,39423,ok,D30_FE60000_same_population
ASE-CSO,28,103,3199.26701290079,7.97761,60000,0,ok,D30_FE60000_same_population
CLPSO,28,103,3513.40868871107,1.0188056,60000,0,ok,D30_FE60000_same_population
NRLPSO,28,103,3209.3351918175,4.6326483,60000,25626,ok,D30_FE60000_same_population
ASE-CSO,29,103,3648.78985007003,7.989533,60000,0,ok,D30_FE60000_same_population
CLPSO,29,103,3971.42133021529,0.8326227,60000,0,ok,D30_FE60000_same_population
NRLPSO,29,103,4238.77078736693,3.8012549,60000,30120,ok,D30_FE60000_same_population
ASE-CSO,30,103,89575.9395648603,8.7156422,60000,0,ok,D30_FE60000_same_population
CLPSO,30,103,1047551.04695914,1.7350435,60000,0,ok,D30_FE60000_same_population
NRLPSO,30,103,15351.3508009987,4.2528785,60000,36679,ok,D30_FE60000_same_population
ASE-CSO,1,104,4628.16729034411,7.2377506,60000,0,ok,D30_FE60000_same_population
CLPSO,1,104,57118116.345411,0.3596105,60000,0,ok,D30_FE60000_same_population
NRLPSO,1,104,402.540530949484,3.7330704,60000,26836,ok,D30_FE60000_same_population
ASE-CSO,3,104,17819.2514748875,7.2919686,60000,0,ok,D30_FE60000_same_population
CLPSO,3,104,80031.3963250339,0.3897467,60000,0,ok,D30_FE60000_same_population
NRLPSO,3,104,585.687751850625,2.5899555,60000,38059,ok,D30_FE60000_same_population
ASE-CSO,4,104,516.713794887795,7.2419765,60000,0,ok,D30_FE60000_same_population
CLPSO,4,104,615.589697029889,0.3647187,60000,0,ok,D30_FE60000_same_population
NRLPSO,4,104,464.117395013756,3.7044751,60000,26545,ok,D30_FE60000_same_population
ASE-CSO,5,104,600.22308938822,7.8384402,60000,0,ok,D30_FE60000_same_population
CLPSO,5,104,642.139210925215,0.4629989,60000,0,ok,D30_FE60000_same_population
NRLPSO,5,104,619.394713141739,3.8121142,60000,28990,ok,D30_FE60000_same_population
ASE-CSO,6,104,601.803972385894,7.6820466,60000,0,ok,D30_FE60000_same_population
CLPSO,6,104,602.112229430765,0.7228957,60000,0,ok,D30_FE60000_same_population
NRLPSO,6,104,629.179477926432,3.9113654,60000,29852,ok,D30_FE60000_same_population
ASE-CSO,7,104,836.199048084178,7.6322379,60000,0,ok,D30_FE60000_same_population
CLPSO,7,104,881.474190392974,0.4526019,60000,0,ok,D30_FE60000_same_population
NRLPSO,7,104,837.407967190259,3.5821549,60000,30916,ok,D30_FE60000_same_population
ASE-CSO,8,104,897.653105492181,7.8227464,60000,0,ok,D30_FE60000_same_population
CLPSO,8,104,921.001455005948,0.4993898,60000,0,ok,D30_FE60000_same_population
NRLPSO,8,104,974.116800803985,3.7435296,60000,29256,ok,D30_FE60000_same_population
ASE-CSO,9,104,958.421834349736,8.2070224,60000,0,ok,D30_FE60000_same_population
CLPSO,9,104,2040.29283414733,0.4829121,60000,0,ok,D30_FE60000_same_population
NRLPSO,9,104,2735.38655202085,3.3920241,60000,32286,ok,D30_FE60000_same_population
ASE-CSO,10,104,3231.3121871696,8.1891073,60000,0,ok,D30_FE60000_same_population
CLPSO,10,104,5436.60526195973,0.5407507,60000,0,ok,D30_FE60000_same_population
NRLPSO,10,104,4780.84456911086,3.3785929,60000,33844,ok,D30_FE60000_same_population
ASE-CSO,11,104,1303.80986847295,7.8845635,60000,0,ok,D30_FE60000_same_population
CLPSO,11,104,1565.60069918018,0.4053103,60000,0,ok,D30_FE60000_same_population
NRLPSO,11,104,1189.23899103108,4.1829744,60000,26557,ok,D30_FE60000_same_population
ASE-CSO,12,104,23987.9170772145,7.9560636,60000,0,ok,D30_FE60000_same_population
CLPSO,12,104,35576513.1755996,0.4720688,60000,0,ok,D30_FE60000_same_population
NRLPSO,12,104,64696.510506138,3.8297011,60000,28352,ok,D30_FE60000_same_population
ASE-CSO,13,104,6432.09859797399,7.8848224,60000,0,ok,D30_FE60000_same_population
CLPSO,13,104,5471728.9194283,0.4286194,60000,0,ok,D30_FE60000_same_population
NRLPSO,13,104,69696.9692474843,3.1194752,60000,35086,ok,D30_FE60000_same_population
ASE-CSO,14,104,21127.8982352867,12.0706928,60000,0,ok,D30_FE60000_same_population
CLPSO,14,104,104444.172128715,0.7078448,60000,0,ok,D30_FE60000_same_population
NRLPSO,14,104,1686.67929704535,3.6365559,60000,38042,ok,D30_FE60000_same_population
ASE-CSO,15,104,44108.3621970801,12.2070274,60000,0,ok,D30_FE60000_same_population
CLPSO,15,104,51429.1377231276,0.635109,60000,0,ok,D30_FE60000_same_population
NRLPSO,15,104,5183.47620696692,4.0761346,60000,37962,ok,D30_FE60000_same_population
ASE-CSO,16,104,1759.14649292059,11.867743,60000,0,ok,D30_FE60000_same_population
CLPSO,16,104,2563.97304208394,0.634748,60000,0,ok,D30_FE60000_same_population
NRLPSO,16,104,2068.19248187492,4.6417092,60000,34450,ok,D30_FE60000_same_population
ASE-CSO,17,104,1912.52333227194,11.6111414,60000,0,ok,D30_FE60000_same_population
CLPSO,17,104,1947.46139734528,0.9244012,60000,0,ok,D30_FE60000_same_population
NRLPSO,17,104,2243.11020740661,5.5769059,60000,31129,ok,D30_FE60000_same_population
ASE-CSO,18,104,101064.92087689,7.9932962,60000,0,ok,D30_FE60000_same_population
CLPSO,18,104,891537.054846117,0.416278,60000,0,ok,D30_FE60000_same_population
NRLPSO,18,104,45761.2534353517,3.6964619,60000,37734,ok,D30_FE60000_same_population
ASE-CSO,19,104,23882.7842261973,8.9274294,60000,0,ok,D30_FE60000_same_population
CLPSO,19,104,145834.727242245,1.5995169,60000,0,ok,D30_FE60000_same_population
NRLPSO,19,104,18401.0821211423,3.9295693,60000,37193,ok,D30_FE60000_same_population
ASE-CSO,20,104,2093.00051905575,7.4991382,60000,0,ok,D30_FE60000_same_population
CLPSO,20,104,2356.73128550551,0.633374,60000,0,ok,D30_FE60000_same_population
NRLPSO,20,104,2257.36021687702,3.4773284,60000,34690,ok,D30_FE60000_same_population
ASE-CSO,21,104,2395.17721917701,7.6714969,60000,0,ok,D30_FE60000_same_population
CLPSO,21,104,2461.44448145757,0.7319622,60000,0,ok,D30_FE60000_same_population
NRLPSO,21,104,2470.3928135069,4.0011323,60000,27928,ok,D30_FE60000_same_population
ASE-CSO,22,104,2300.01270145403,7.6219641,60000,0,ok,D30_FE60000_same_population
CLPSO,22,104,2830.75033900027,0.8307451,60000,0,ok,D30_FE60000_same_population
NRLPSO,22,104,2302.49457577592,4.252736,60000,26062,ok,D30_FE60000_same_population
ASE-CSO,23,104,2749.63374219927,7.7251586,60000,0,ok,D30_FE60000_same_population
CLPSO,23,104,2813.81099283149,0.914074,60000,0,ok,D30_FE60000_same_population
NRLPSO,23,104,2784.92640970801,4.1882332,60000,27675,ok,D30_FE60000_same_population
ASE-CSO,24,104,2959.09688517589,7.7331564,60000,0,ok,D30_FE60000_same_population
CLPSO,24,104,3047.88714426205,0.9327008,60000,0,ok,D30_FE60000_same_population
NRLPSO,24,104,3058.65835417564,3.6403159,60000,34014,ok,D30_FE60000_same_population
ASE-CSO,25,104,2887.11746019927,7.8659536,60000,0,ok,D30_FE60000_same_population
CLPSO,25,104,2963.53017182554,0.882278,60000,0,ok,D30_FE60000_same_population
NRLPSO,25,104,2881.47557029021,3.367492,60000,35618,ok,D30_FE60000_same_population
ASE-CSO,26,104,2800.04050192224,7.9014328,60000,0,ok,D30_FE60000_same_population
CLPSO,26,104,4758.12882735573,1.0591778,60000,0,ok,D30_FE60000_same_population
NRLPSO,26,104,2800.00003701019,4.4322588,60000,26206,ok,D30_FE60000_same_population
ASE-CSO,27,104,3225.10995014096,8.1294458,60000,0,ok,D30_FE60000_same_population
CLPSO,27,104,3232.27205877197,1.1759552,60000,0,ok,D30_FE60000_same_population
NRLPSO,27,104,3200.00707438708,3.2744896,60000,39618,ok,D30_FE60000_same_population
ASE-CSO,28,104,3366.2318033725,8.1089462,60000,0,ok,D30_FE60000_same_population
CLPSO,28,104,3452.15223772981,1.0332309,60000,0,ok,D30_FE60000_same_population
NRLPSO,28,104,3236.96025553915,4.4803991,60000,25875,ok,D30_FE60000_same_population
ASE-CSO,29,104,3638.82434038837,8.0926812,60000,0,ok,D30_FE60000_same_population
CLPSO,29,104,3807.54989522162,0.8675679,60000,0,ok,D30_FE60000_same_population
NRLPSO,29,104,3748.51085609071,3.4044908,60000,35418,ok,D30_FE60000_same_population
ASE-CSO,30,104,34286.7628791669,8.7420263,60000,0,ok,D30_FE60000_same_population
CLPSO,30,104,534445.03474626,1.7486136,60000,0,ok,D30_FE60000_same_population
NRLPSO,30,104,5429.71367502221,4.5292088,60000,33306,ok,D30_FE60000_same_population
ASE-CSO,1,105,7193.45576156594,7.3106618,60000,0,ok,D30_FE60000_same_population
CLPSO,1,105,45493436.8053377,0.3481163,60000,0,ok,D30_FE60000_same_population
NRLPSO,1,105,623.792061835687,3.7565484,60000,26969,ok,D30_FE60000_same_population
ASE-CSO,3,105,7221.37888860506,7.3673298,60000,0,ok,D30_FE60000_same_population
CLPSO,3,105,90523.5338173151,0.4316882,60000,0,ok,D30_FE60000_same_population
NRLPSO,3,105,2302.92255751131,2.7154012,60000,37106,ok,D30_FE60000_same_population
ASE-CSO,4,105,487.259451629325,7.2147692,60000,0,ok,D30_FE60000_same_population
CLPSO,4,105,605.282927156488,0.3638159,60000,0,ok,D30_FE60000_same_population
NRLPSO,4,105,500.484430778343,3.0232157,60000,34486,ok,D30_FE60000_same_population
ASE-CSO,5,105,604.138063794677,7.4554483,60000,0,ok,D30_FE60000_same_population
CLPSO,5,105,641.032241305663,0.4539879,60000,0,ok,D30_FE60000_same_population
NRLPSO,5,105,697.388553766304,3.7220411,60000,27530,ok,D30_FE60000_same_population
ASE-CSO,6,105,601.164723787217,7.4964715,60000,0,ok,D30_FE60000_same_population
CLPSO,6,105,602.357183609942,0.7339334,60000,0,ok,D30_FE60000_same_population
NRLPSO,6,105,640.850192746591,3.6940196,60000,29934,ok,D30_FE60000_same_population
ASE-CSO,7,105,812.930899146657,7.2825698,60000,0,ok,D30_FE60000_same_population
CLPSO,7,105,894.899241390142,0.4593313,60000,0,ok,D30_FE60000_same_population
NRLPSO,7,105,801.333891343435,3.6342518,60000,28888,ok,D30_FE60000_same_population
ASE-CSO,8,105,852.890033800813,7.3404498,60000,0,ok,D30_FE60000_same_population
CLPSO,8,105,957.256300595498,0.4488358,60000,0,ok,D30_FE60000_same_population
NRLPSO,8,105,903.475225703625,3.7492832,60000,27362,ok,D30_FE60000_same_population
ASE-CSO,9,105,905.254325852585,7.2557292,60000,0,ok,D30_FE60000_same_population
CLPSO,9,105,2342.00931819389,0.4527987,60000,0,ok,D30_FE60000_same_population
NRLPSO,9,105,1796.91469533018,3.3546974,60000,31408,ok,D30_FE60000_same_population
ASE-CSO,10,105,3967.70480503236,7.8578096,60000,0,ok,D30_FE60000_same_population
CLPSO,10,105,5857.85164996587,0.5384282,60000,0,ok,D30_FE60000_same_population
NRLPSO,10,105,4956.30787873274,3.1919882,60000,32788,ok,D30_FE60000_same_population
ASE-CSO,11,105,1235.64214134293,7.7035113,60000,0,ok,D30_FE60000_same_population
CLPSO,11,105,1409.79456565266,0.438129,60000,0,ok,D30_FE60000_same_population
NRLPSO,11,105,1215.91223096346,4.0304111,60000,26284,ok,D30_FE60000_same_population
ASE-CSO,12,105,1610119.18202022,7.5829359,60000,0,ok,D30_FE60000_same_population
CLPSO,12,105,38103997.5677316,0.4572222,60000,0,ok,D30_FE60000_same_population
NRLPSO,12,105,141161.230576017,3.6826552,60000,28358,ok,D30_FE60000_same_population
ASE-CSO,13,105,28927.0803199111,7.9610048,60000,0,ok,D30_FE60000_same_population
CLPSO,13,105,4092180.35775918,0.3976433,60000,0,ok,D30_FE60000_same_population
NRLPSO,13,105,8097.66035001284,4.008993,60000,28286,ok,D30_FE60000_same_population
ASE-CSO,14,105,31861.2371404599,8.2911925,60000,0,ok,D30_FE60000_same_population
CLPSO,14,105,159628.880312357,0.4941206,60000,0,ok,D30_FE60000_same_population
NRLPSO,14,105,3874.14625828758,2.7709281,60000,38376,ok,D30_FE60000_same_population
ASE-CSO,15,105,6966.97898913442,8.1198822,60000,0,ok,D30_FE60000_same_population
CLPSO,15,105,89057.1413440883,0.4122632,60000,0,ok,D30_FE60000_same_population
NRLPSO,15,105,2567.2275558169,3.0244206,60000,36826,ok,D30_FE60000_same_population
ASE-CSO,16,105,1926.89610194067,8.0360775,60000,0,ok,D30_FE60000_same_population
CLPSO,16,105,2531.272316586,0.4364696,60000,0,ok,D30_FE60000_same_population
NRLPSO,16,105,2399.40868999386,3.0499172,60000,36052,ok,D30_FE60000_same_population
ASE-CSO,17,105,1950.35010617745,8.0662073,60000,0,ok,D30_FE60000_same_population
CLPSO,17,105,1931.04697523989,0.5987496,60000,0,ok,D30_FE60000_same_population
NRLPSO,17,105,1955.13486288496,3.9995535,60000,29414,ok,D30_FE60000_same_population
ASE-CSO,18,105,92736.8494793425,7.9352871,60000,0,ok,D30_FE60000_same_population
CLPSO,18,105,1311532.6496146,0.4475489,60000,0,ok,D30_FE60000_same_population
NRLPSO,18,105,36721.4546826443,2.8258523,60000,37733,ok,D30_FE60000_same_population
ASE-CSO,19,105,3384.90719989431,13.4252651,60000,0,ok,D30_FE60000_same_population
CLPSO,19,105,38525.9767283893,1.5577347,60000,0,ok,D30_FE60000_same_population
NRLPSO,19,105,15327.0418803247,3.8931418,60000,37590,ok,D30_FE60000_same_population
ASE-CSO,20,105,2085.62912888971,12.6244864,60000,0,ok,D30_FE60000_same_population
CLPSO,20,105,2371.26479504412,1.0189034,60000,0,ok,D30_FE60000_same_population
NRLPSO,20,105,2339.69704645669,4.8657431,60000,36109,ok,D30_FE60000_same_population
ASE-CSO,21,105,2387.84925142027,12.4465414,60000,0,ok,D30_FE60000_same_population
CLPSO,21,105,2465.76718548764,1.1398633,60000,0,ok,D30_FE60000_same_population
NRLPSO,21,105,2423.8685638187,6.3204719,60000,27862,ok,D30_FE60000_same_population
ASE-CSO,22,105,2304.89589231818,12.4584255,60000,0,ok,D30_FE60000_same_population
CLPSO,22,105,3533.01301907899,1.1583709,60000,0,ok,D30_FE60000_same_population
NRLPSO,22,105,2300.00000321494,6.5655046,60000,26544,ok,D30_FE60000_same_population
ASE-CSO,23,105,2798.57058792595,8.4841162,60000,0,ok,D30_FE60000_same_population
CLPSO,23,105,2820.12828993551,0.9332149,60000,0,ok,D30_FE60000_same_population
NRLPSO,23,105,2994.89460998458,3.6938366,60000,34082,ok,D30_FE60000_same_population
ASE-CSO,24,105,2926.21775552586,8.8172294,60000,0,ok,D30_FE60000_same_population
CLPSO,24,105,3037.31589901735,0.9682462,60000,0,ok,D30_FE60000_same_population
NRLPSO,24,105,3170.39459847263,4.7079792,60000,26010,ok,D30_FE60000_same_population
ASE-CSO,25,105,2886.84993973302,7.9131586,60000,0,ok,D30_FE60000_same_population
CLPSO,25,105,2974.92383201427,0.8622836,60000,0,ok,D30_FE60000_same_population
NRLPSO,25,105,2889.47323102006,4.3349285,60000,26484,ok,D30_FE60000_same_population
ASE-CSO,26,105,5127.51876839414,8.0154823,60000,0,ok,D30_FE60000_same_population
CLPSO,26,105,5324.69830255494,1.0483373,60000,0,ok,D30_FE60000_same_population
NRLPSO,26,105,7026.61228710487,4.2633948,60000,27316,ok,D30_FE60000_same_population
ASE-CSO,27,105,3230.82317275667,8.0668647,60000,0,ok,D30_FE60000_same_population
CLPSO,27,105,3234.05587074396,1.1912525,60000,0,ok,D30_FE60000_same_population
NRLPSO,27,105,3200.00725339677,3.2585426,60000,39634,ok,D30_FE60000_same_population
ASE-CSO,28,105,3214.36469735541,8.0162051,60000,0,ok,D30_FE60000_same_population
CLPSO,28,105,3366.74307570612,1.0345849,60000,0,ok,D30_FE60000_same_population
NRLPSO,28,105,3224.66230257953,4.4577061,60000,25744,ok,D30_FE60000_same_population
ASE-CSO,29,105,3670.8429485949,7.7383855,60000,0,ok,D30_FE60000_same_population
CLPSO,29,105,3710.85225416405,0.845885,60000,0,ok,D30_FE60000_same_population
NRLPSO,29,105,4007.95375175909,3.3199162,60000,35614,ok,D30_FE60000_same_population
ASE-CSO,30,105,39209.6636010829,8.7071778,60000,0,ok,D30_FE60000_same_population
CLPSO,30,105,309401.799208468,1.771872,60000,0,ok,D30_FE60000_same_population
NRLPSO,30,105,6671.0200524491,4.1463327,60000,37489,ok,D30_FE60000_same_population
ASE-CSO,1,106,2262.22939821638,7.2137083,60000,0,ok,D30_FE60000_same_population
CLPSO,1,106,51027099.4179367,0.3697019,60000,0,ok,D30_FE60000_same_population
NRLPSO,1,106,9218.19160687418,3.8159511,60000,26788,ok,D30_FE60000_same_population
ASE-CSO,3,106,8132.45874576431,7.4260853,60000,0,ok,D30_FE60000_same_population
CLPSO,3,106,113510.009491785,0.429202,60000,0,ok,D30_FE60000_same_population
NRLPSO,3,106,418.844835496018,2.650169,60000,37574,ok,D30_FE60000_same_population
ASE-CSO,4,106,489.391079814948,7.3171084,60000,0,ok,D30_FE60000_same_population
CLPSO,4,106,639.672573755003,0.3944012,60000,0,ok,D30_FE60000_same_population
NRLPSO,4,106,567.01433898026,3.8369679,60000,25970,ok,D30_FE60000_same_population
ASE-CSO,5,106,569.657762087956,7.7019393,60000,0,ok,D30_FE60000_same_population
CLPSO,5,106,665.108545721476,0.4453102,60000,0,ok,D30_FE60000_same_population
NRLPSO,5,106,638.298701930987,3.7468246,60000,27266,ok,D30_FE60000_same_population
ASE-CSO,6,106,600.295700845014,7.637458,60000,0,ok,D30_FE60000_same_population
CLPSO,6,106,603.411645579666,0.6761637,60000,0,ok,D30_FE60000_same_population
NRLPSO,6,106,640.53351090918,3.4027238,60000,32339,ok,D30_FE60000_same_population
ASE-CSO,7,106,830.760008287367,7.621674,60000,0,ok,D30_FE60000_same_population
CLPSO,7,106,900.273447726605,0.4552802,60000,0,ok,D30_FE60000_same_population
NRLPSO,7,106,912.905980600064,3.4957717,60000,30043,ok,D30_FE60000_same_population
ASE-CSO,8,106,885.569752912837,7.4094006,60000,0,ok,D30_FE60000_same_population
CLPSO,8,106,951.065163462574,0.4970352,60000,0,ok,D30_FE60000_same_population
NRLPSO,8,106,950.237977273838,3.7254759,60000,27752,ok,D30_FE60000_same_population
ASE-CSO,9,106,1049.62276383821,7.276071,60000,0,ok,D30_FE60000_same_population
CLPSO,9,106,3934.75364629018,0.46338,60000,0,ok,D30_FE60000_same_population
NRLPSO,9,106,2360.45809220091,3.2069421,60000,33516,ok,D30_FE60000_same_population
ASE-CSO,10,106,4894.82614400203,7.3349659,60000,0,ok,D30_FE60000_same_population
CLPSO,10,106,6211.86688779892,0.5348974,60000,0,ok,D30_FE60000_same_population
NRLPSO,10,106,4881.19762581383,2.8483561,60000,36765,ok,D30_FE60000_same_population
ASE-CSO,11,106,1196.33544651032,7.3026117,60000,0,ok,D30_FE60000_same_population
CLPSO,11,106,1476.93643468707,0.3948962,60000,0,ok,D30_FE60000_same_population
NRLPSO,11,106,1303.25299446702,3.8755704,60000,26662,ok,D30_FE60000_same_population
ASE-CSO,12,106,256348.272544843,7.3179522,60000,0,ok,D30_FE60000_same_population
CLPSO,12,106,61042025.3063151,0.4337621,60000,0,ok,D30_FE60000_same_population
NRLPSO,12,106,98377.0222392944,3.607115,60000,28922,ok,D30_FE60000_same_population
ASE-CSO,13,106,52872.8279571855,7.1899335,60000,0,ok,D30_FE60000_same_population
CLPSO,13,106,2621401.66140398,0.3887149,60000,0,ok,D30_FE60000_same_population
NRLPSO,13,106,20615.0266899782,2.9094901,60000,34882,ok,D30_FE60000_same_population
ASE-CSO,14,106,4314.16841416683,7.301152,60000,0,ok,D30_FE60000_same_population
CLPSO,14,106,295186.453155943,0.4914976,60000,0,ok,D30_FE60000_same_population
NRLPSO,14,106,1728.72401905619,2.7015143,60000,38000,ok,D30_FE60000_same_population
ASE-CSO,15,106,10371.70020995,7.3067942,60000,0,ok,D30_FE60000_same_population
CLPSO,15,106,43221.7615767473,0.3861291,60000,0,ok,D30_FE60000_same_population
NRLPSO,15,106,2507.76977691149,2.6975183,60000,37481,ok,D30_FE60000_same_population
ASE-CSO,16,106,1742.73809389243,7.5888069,60000,0,ok,D30_FE60000_same_population
CLPSO,16,106,2486.77487687268,0.4311699,60000,0,ok,D30_FE60000_same_population
NRLPSO,16,106,2237.71682365771,2.9670424,60000,34690,ok,D30_FE60000_same_population
ASE-CSO,17,106,2050.03800718024,7.4002964,60000,0,ok,D30_FE60000_same_population
CLPSO,17,106,1978.59612326569,0.5673448,60000,0,ok,D30_FE60000_same_population
NRLPSO,17,106,2084.27979204477,3.7115704,60000,29378,ok,D30_FE60000_same_population
ASE-CSO,18,106,153775.293625077,7.3389151,60000,0,ok,D30_FE60000_same_population
CLPSO,18,106,1312936.57349934,0.4368407,60000,0,ok,D30_FE60000_same_population
NRLPSO,18,106,64955.0998937354,2.6846399,60000,38406,ok,D30_FE60000_same_population
ASE-CSO,19,106,11356.734610117,8.377576,60000,0,ok,D30_FE60000_same_population
CLPSO,19,106,47261.4100673832,1.4604287,60000,0,ok,D30_FE60000_same_population
NRLPSO,19,106,2393.30535067006,3.9003735,60000,36788,ok,D30_FE60000_same_population
ASE-CSO,20,106,2087.49150861577,7.5329219,60000,0,ok,D30_FE60000_same_population
CLPSO,20,106,2248.78349832932,0.5992808,60000,0,ok,D30_FE60000_same_population
NRLPSO,20,106,2345.60278645963,2.6864236,60000,39300,ok,D30_FE60000_same_population
ASE-CSO,21,106,2360.47844581819,7.5098072,60000,0,ok,D30_FE60000_same_population
CLPSO,21,106,2457.98713085984,0.7771663,60000,0,ok,D30_FE60000_same_population
NRLPSO,21,106,2442.08559360934,3.2354231,60000,35890,ok,D30_FE60000_same_population
ASE-CSO,22,106,2300.00904916314,7.757872,60000,0,ok,D30_FE60000_same_population
CLPSO,22,106,3128.66296005678,0.8503403,60000,0,ok,D30_FE60000_same_population
NRLPSO,22,106,2300.00000823139,4.298214,60000,24900,ok,D30_FE60000_same_population
ASE-CSO,23,106,2717.41959324926,7.7326456,60000,0,ok,D30_FE60000_same_population
CLPSO,23,106,2812.16393298417,0.8954702,60000,0,ok,D30_FE60000_same_population
NRLPSO,23,106,2982.22018290318,3.4159601,60000,36120,ok,D30_FE60000_same_population
ASE-CSO,24,106,2921.02496124809,7.877478,60000,0,ok,D30_FE60000_same_population
CLPSO,24,106,3002.23983865428,0.9266637,60000,0,ok,D30_FE60000_same_population
NRLPSO,24,106,3316.32467702102,3.2939461,60000,36226,ok,D30_FE60000_same_population
ASE-CSO,25,106,2887.08007336116,7.7897251,60000,0,ok,D30_FE60000_same_population
CLPSO,25,106,2968.17532127861,0.883604,60000,0,ok,D30_FE60000_same_population
NRLPSO,25,106,2879.47543309094,3.8470269,60000,31106,ok,D30_FE60000_same_population
ASE-CSO,26,106,4502.78036531166,7.8959755,60000,0,ok,D30_FE60000_same_population
CLPSO,26,106,5202.14545668841,1.0513258,60000,0,ok,D30_FE60000_same_population
NRLPSO,26,106,3778.34837063488,4.4844292,60000,25856,ok,D30_FE60000_same_population
ASE-CSO,27,106,3230.87385493621,8.0665557,60000,0,ok,D30_FE60000_same_population
CLPSO,27,106,3235.04757868327,1.1515514,60000,0,ok,D30_FE60000_same_population
NRLPSO,27,106,3200.00725506291,3.2629761,60000,39549,ok,D30_FE60000_same_population
ASE-CSO,28,106,3193.82617128101,7.982244,60000,0,ok,D30_FE60000_same_population
CLPSO,28,106,3412.57110520526,1.045639,60000,0,ok,D30_FE60000_same_population
NRLPSO,28,106,3193.49473893093,4.6307141,60000,25570,ok,D30_FE60000_same_population
ASE-CSO,29,106,3557.88073207765,7.7187651,60000,0,ok,D30_FE60000_same_population
CLPSO,29,106,3899.11287038852,0.8534684,60000,0,ok,D30_FE60000_same_population
NRLPSO,29,106,4214.42397052789,2.9906884,60000,38626,ok,D30_FE60000_same_population
ASE-CSO,30,106,34545.5920084611,8.5383854,60000,0,ok,D30_FE60000_same_population
CLPSO,30,106,1152024.76998773,1.7213629,60000,0,ok,D30_FE60000_same_population
NRLPSO,30,106,16358.8471867428,4.31689,60000,34468,ok,D30_FE60000_same_population
ASE-CSO,1,107,7087.22688404942,7.1904146,60000,0,ok,D30_FE60000_same_population
CLPSO,1,107,44030037.2689427,0.3665009,60000,0,ok,D30_FE60000_same_population
NRLPSO,1,107,847.236676342944,3.725609,60000,26838,ok,D30_FE60000_same_population
ASE-CSO,3,107,6906.3558415248,7.3111352,60000,0,ok,D30_FE60000_same_population
CLPSO,3,107,96218.950081127,0.4241566,60000,0,ok,D30_FE60000_same_population
NRLPSO,3,107,326.64287834263,2.7054602,60000,36774,ok,D30_FE60000_same_population
ASE-CSO,4,107,487.041726682513,7.2361086,60000,0,ok,D30_FE60000_same_population
CLPSO,4,107,584.88743511059,0.3664626,60000,0,ok,D30_FE60000_same_population
NRLPSO,4,107,490.466941914328,2.7881031,60000,37458,ok,D30_FE60000_same_population
ASE-CSO,5,107,593.944768502121,7.3156545,60000,0,ok,D30_FE60000_same_population
CLPSO,5,107,622.4463844369,0.4709041,60000,0,ok,D30_FE60000_same_population
NRLPSO,5,107,661.182456236164,3.6585174,60000,28029,ok,D30_FE60000_same_population
ASE-CSO,6,107,603.241777855016,7.4670046,60000,0,ok,D30_FE60000_same_population
CLPSO,6,107,603.21312094973,0.6481746,60000,0,ok,D30_FE60000_same_population
NRLPSO,6,107,640.503692635683,3.7103695,60000,29544,ok,D30_FE60000_same_population
ASE-CSO,7,107,855.968552570103,7.3356503,60000,0,ok,D30_FE60000_same_population
CLPSO,7,107,888.079991890943,0.5038814,60000,0,ok,D30_FE60000_same_population
NRLPSO,7,107,924.369934827825,3.4616948,60000,30378,ok,D30_FE60000_same_population
ASE-CSO,8,107,882.622937813778,7.2495216,60000,0,ok,D30_FE60000_same_population
CLPSO,8,107,939.180634668188,0.4557866,60000,0,ok,D30_FE60000_same_population
NRLPSO,8,107,912.429867521401,3.6350044,60000,27600,ok,D30_FE60000_same_population
ASE-CSO,9,107,908.450046522022,7.1621324,60000,0,ok,D30_FE60000_same_population
CLPSO,9,107,3730.63913792845,0.462014,60000,0,ok,D30_FE60000_same_population
NRLPSO,9,107,2314.48214896277,3.3096064,60000,32226,ok,D30_FE60000_same_population
ASE-CSO,10,107,2971.78974474006,7.4299684,60000,0,ok,D30_FE60000_same_population
CLPSO,10,107,6100.76233753387,0.508792,60000,0,ok,D30_FE60000_same_population
NRLPSO,10,107,4665.64121633899,3.0057123,60000,34906,ok,D30_FE60000_same_population
ASE-CSO,11,107,1186.21131491129,7.2798375,60000,0,ok,D30_FE60000_same_population
CLPSO,11,107,1454.86173294989,0.4154987,60000,0,ok,D30_FE60000_same_population
NRLPSO,11,107,1279.55788636635,3.7462692,60000,27434,ok,D30_FE60000_same_population
ASE-CSO,12,107,1593314.010188,7.2621054,60000,0,ok,D30_FE60000_same_population
CLPSO,12,107,29714318.2455407,0.4065721,60000,0,ok,D30_FE60000_same_population
NRLPSO,12,107,430591.757818919,3.0316278,60000,34705,ok,D30_FE60000_same_population
ASE-CSO,13,107,29822.853639471,7.2803521,60000,0,ok,D30_FE60000_same_population
CLPSO,13,107,41588068.2029595,0.3947911,60000,0,ok,D30_FE60000_same_population
NRLPSO,13,107,21093.9454467511,3.7254946,60000,27098,ok,D30_FE60000_same_population
ASE-CSO,14,107,3364.66054938662,7.460241,60000,0,ok,D30_FE60000_same_population
CLPSO,14,107,17123.0604890425,0.4887971,60000,0,ok,D30_FE60000_same_population
NRLPSO,14,107,1621.09929219187,2.7410178,60000,37946,ok,D30_FE60000_same_population
ASE-CSO,15,107,2477.42416779442,7.4201442,60000,0,ok,D30_FE60000_same_population
CLPSO,15,107,58448.0370374548,0.3907852,60000,0,ok,D30_FE60000_same_population
NRLPSO,15,107,6550.99802985699,2.6305849,60000,37687,ok,D30_FE60000_same_population
ASE-CSO,16,107,2451.77254940689,7.3063375,60000,0,ok,D30_FE60000_same_population
CLPSO,16,107,2692.03402200017,0.4252793,60000,0,ok,D30_FE60000_same_population
NRLPSO,16,107,2817.56327203619,2.9968945,60000,33984,ok,D30_FE60000_same_population
ASE-CSO,17,107,1898.33428788176,7.5252806,60000,0,ok,D30_FE60000_same_population
CLPSO,17,107,2006.12324556277,0.5604743,60000,0,ok,D30_FE60000_same_population
NRLPSO,17,107,1889.08015833429,3.7332962,60000,29026,ok,D30_FE60000_same_population
ASE-CSO,18,107,118550.678790278,7.3454358,60000,0,ok,D30_FE60000_same_population
CLPSO,18,107,312419.02646675,0.4209504,60000,0,ok,D30_FE60000_same_population
NRLPSO,18,107,39199.490420616,2.7551698,60000,36986,ok,D30_FE60000_same_population
ASE-CSO,19,107,11746.2604686986,8.329946,60000,0,ok,D30_FE60000_same_population
CLPSO,19,107,59150.8757254023,1.4290218,60000,0,ok,D30_FE60000_same_population
NRLPSO,19,107,5529.50414325699,3.802432,60000,37543,ok,D30_FE60000_same_population
ASE-CSO,20,107,2297.50913110559,7.4764407,60000,0,ok,D30_FE60000_same_population
CLPSO,20,107,2566.42706066303,0.597957,60000,0,ok,D30_FE60000_same_population
NRLPSO,20,107,2349.94870610954,3.2858827,60000,33392,ok,D30_FE60000_same_population
ASE-CSO,21,107,2414.784657809,7.6792172,60000,0,ok,D30_FE60000_same_population
CLPSO,21,107,2450.34836180462,0.7637884,60000,0,ok,D30_FE60000_same_population
NRLPSO,21,107,2436.53567317437,3.9560151,60000,27846,ok,D30_FE60000_same_population
ASE-CSO,22,107,2300.03092956583,7.8940124,60000,0,ok,D30_FE60000_same_population
CLPSO,22,107,3067.11539741249,0.8614044,60000,0,ok,D30_FE60000_same_population
NRLPSO,22,107,3182.92626029102,3.5915637,60000,31937,ok,D30_FE60000_same_population
ASE-CSO,23,107,2764.945597122,7.8464709,60000,0,ok,D30_FE60000_same_population
CLPSO,23,107,2803.57045310494,0.8919066,60000,0,ok,D30_FE60000_same_population
NRLPSO,23,107,2749.47577357578,4.2206781,60000,26922,ok,D30_FE60000_same_population
ASE-CSO,24,107,2926.74049387867,7.8861773,60000,0,ok,D30_FE60000_same_population
CLPSO,24,107,3008.00502837138,0.9311546,60000,0,ok,D30_FE60000_same_population
NRLPSO,24,107,3086.56033585065,3.9583807,60000,30750,ok,D30_FE60000_same_population
ASE-CSO,25,107,2886.92499787098,7.8547469,60000,0,ok,D30_FE60000_same_population
CLPSO,25,107,2956.02391828722,0.8674562,60000,0,ok,D30_FE60000_same_population
NRLPSO,25,107,2887.54713842853,4.2279087,60000,26185,ok,D30_FE60000_same_population
ASE-CSO,26,107,4949.98890327381,7.9752554,60000,0,ok,D30_FE60000_same_population
CLPSO,26,107,5258.33250928517,1.0305517,60000,0,ok,D30_FE60000_same_population
NRLPSO,26,107,5996.87113289658,3.7284691,60000,33241,ok,D30_FE60000_same_population
ASE-CSO,27,107,3220.20526401198,8.0869108,60000,0,ok,D30_FE60000_same_population
CLPSO,27,107,3254.44763406626,1.1719996,60000,0,ok,D30_FE60000_same_population
NRLPSO,27,107,3200.00725190048,3.2546477,60000,39482,ok,D30_FE60000_same_population
ASE-CSO,28,107,3100.07313375409,8.0849957,60000,0,ok,D30_FE60000_same_population
CLPSO,28,107,3461.3166472937,1.0253095,60000,0,ok,D30_FE60000_same_population
NRLPSO,28,107,3268.80604745188,4.4979018,60000,26382,ok,D30_FE60000_same_population
ASE-CSO,29,107,3698.29179546588,7.8812061,60000,0,ok,D30_FE60000_same_population
CLPSO,29,107,3714.47164655405,0.8719098,60000,0,ok,D30_FE60000_same_population
NRLPSO,29,107,3867.3755249263,4.1511384,60000,27883,ok,D30_FE60000_same_population
ASE-CSO,30,107,129947.323317137,8.8104982,60000,0,ok,D30_FE60000_same_population
CLPSO,30,107,1278930.91727931,1.743776,60000,0,ok,D30_FE60000_same_population
NRLPSO,30,107,8173.5675115985,4.9369888,60000,29251,ok,D30_FE60000_same_population
ASE-CSO,1,108,330.962487657961,7.2502716,60000,0,ok,D30_FE60000_same_population
CLPSO,1,108,28273675.2307803,0.3698324,60000,0,ok,D30_FE60000_same_population
NRLPSO,1,108,5031.57398428917,3.6565639,60000,27326,ok,D30_FE60000_same_population
ASE-CSO,3,108,1511.3165225645,7.3423732,60000,0,ok,D30_FE60000_same_population
CLPSO,3,108,100876.036666732,0.4122152,60000,0,ok,D30_FE60000_same_population
NRLPSO,3,108,808.135789272949,2.6292447,60000,37682,ok,D30_FE60000_same_population
ASE-CSO,4,108,400.343004456457,7.2021376,60000,0,ok,D30_FE60000_same_population
CLPSO,4,108,620.815735813853,0.3858288,60000,0,ok,D30_FE60000_same_population
NRLPSO,4,108,526.89274416151,2.8586575,60000,35213,ok,D30_FE60000_same_population
ASE-CSO,5,108,594.953640646081,7.3176921,60000,0,ok,D30_FE60000_same_population
CLPSO,5,108,656.932422783928,0.4627659,60000,0,ok,D30_FE60000_same_population
NRLPSO,5,108,681.081810956417,3.6001147,60000,28606,ok,D30_FE60000_same_population
ASE-CSO,6,108,602.761178574532,7.6236507,60000,0,ok,D30_FE60000_same_population
CLPSO,6,108,603.166584642918,0.6480262,60000,0,ok,D30_FE60000_same_population
NRLPSO,6,108,637.646758389695,3.6357081,60000,30698,ok,D30_FE60000_same_population
ASE-CSO,7,108,826.443813095348,7.2673129,60000,0,ok,D30_FE60000_same_population
CLPSO,7,108,874.706946551429,0.4397969,60000,0,ok,D30_FE60000_same_population
NRLPSO,7,108,830.208525543725,3.5057593,60000,29664,ok,D30_FE60000_same_population
ASE-CSO,8,108,937.308761307189,7.312352,60000,0,ok,D30_FE60000_same_population
CLPSO,8,108,954.495250416683,0.5002213,60000,0,ok,D30_FE60000_same_population
NRLPSO,8,108,928.349187799121,3.6661181,60000,27910,ok,D30_FE60000_same_population
ASE-CSO,9,108,1350.29367906012,7.3650586,60000,0,ok,D30_FE60000_same_population
CLPSO,9,108,2782.13809484034,0.4624508,60000,0,ok,D30_FE60000_same_population
NRLPSO,9,108,1457.35829970291,3.5000819,60000,31182,ok,D30_FE60000_same_population
ASE-CSO,10,108,5565.69318398287,7.6506376,60000,0,ok,D30_FE60000_same_population
CLPSO,10,108,6053.14121033889,0.5318398,60000,0,ok,D30_FE60000_same_population
NRLPSO,10,108,5182.69724575594,3.035115,60000,34865,ok,D30_FE60000_same_population
ASE-CSO,11,108,1174.45909189393,7.3420245,60000,0,ok,D30_FE60000_same_population
CLPSO,11,108,1391.27298698904,0.4038322,60000,0,ok,D30_FE60000_same_population
NRLPSO,11,108,1276.38794534292,3.6746845,60000,27096,ok,D30_FE60000_same_population
ASE-CSO,12,108,246689.291529955,7.2252335,60000,0,ok,D30_FE60000_same_population
CLPSO,12,108,30056575.3659997,0.4152856,60000,0,ok,D30_FE60000_same_population
NRLPSO,12,108,778916.452041489,3.6501555,60000,28198,ok,D30_FE60000_same_population
ASE-CSO,13,108,36413.6087662767,7.3977267,60000,0,ok,D30_FE60000_same_population
CLPSO,13,108,2999057.97345091,0.3763272,60000,0,ok,D30_FE60000_same_population
NRLPSO,13,108,17836.2311738048,2.6246673,60000,37790,ok,D30_FE60000_same_population
ASE-CSO,14,108,32221.3885877462,7.3193937,60000,0,ok,D30_FE60000_same_population
CLPSO,14,108,64003.1976031405,0.4742022,60000,0,ok,D30_FE60000_same_population
NRLPSO,14,108,1765.22809771422,2.7417484,60000,37873,ok,D30_FE60000_same_population
ASE-CSO,15,108,16513.8410011773,7.3006745,60000,0,ok,D30_FE60000_same_population
CLPSO,15,108,285702.973250567,0.3938839,60000,0,ok,D30_FE60000_same_population
NRLPSO,15,108,23373.1153329232,2.608269,60000,37968,ok,D30_FE60000_same_population
ASE-CSO,16,108,2351.68364398367,7.3394557,60000,0,ok,D30_FE60000_same_population
CLPSO,16,108,2767.88165628026,0.4562584,60000,0,ok,D30_FE60000_same_population
NRLPSO,16,108,2503.27568362406,2.6999318,60000,37755,ok,D30_FE60000_same_population
ASE-CSO,17,108,1831.29945578569,7.5631977,60000,0,ok,D30_FE60000_same_population
CLPSO,17,108,2001.60202223753,0.584239,60000,0,ok,D30_FE60000_same_population
NRLPSO,17,108,1843.6282315336,3.709016,60000,28908,ok,D30_FE60000_same_population
ASE-CSO,18,108,90396.8748491011,7.2571,60000,0,ok,D30_FE60000_same_population
CLPSO,18,108,1298299.31625973,0.4212778,60000,0,ok,D30_FE60000_same_population
NRLPSO,18,108,56053.4816354772,2.6657989,60000,37532,ok,D30_FE60000_same_population
ASE-CSO,19,108,11204.799556283,8.3861293,60000,0,ok,D30_FE60000_same_population
CLPSO,19,108,158876.310532298,1.4594895,60000,0,ok,D30_FE60000_same_population
NRLPSO,19,108,4420.21844453363,3.7956862,60000,38224,ok,D30_FE60000_same_population
ASE-CSO,20,108,2320.44215235995,7.4754816,60000,0,ok,D30_FE60000_same_population
CLPSO,20,108,2465.75231354151,0.5938924,60000,0,ok,D30_FE60000_same_population
NRLPSO,20,108,2212.14709674927,3.0536117,60000,36916,ok,D30_FE60000_same_population
ASE-CSO,21,108,2444.08667416778,7.5805955,60000,0,ok,D30_FE60000_same_population
CLPSO,21,108,2467.18819868898,0.756482,60000,0,ok,D30_FE60000_same_population
NRLPSO,21,108,2406.44104073721,3.3051196,60000,35232,ok,D30_FE60000_same_population
ASE-CSO,22,108,2300.01232486649,7.6860019,60000,0,ok,D30_FE60000_same_population
CLPSO,22,108,3291.35887128784,0.8561919,60000,0,ok,D30_FE60000_same_population
NRLPSO,22,108,2601.85719669698,3.3869089,60000,34650,ok,D30_FE60000_same_population
ASE-CSO,23,108,2818.03159487673,7.7225589,60000,0,ok,D30_FE60000_same_population
CLPSO,23,108,2813.41111176606,0.9014075,60000,0,ok,D30_FE60000_same_population
NRLPSO,23,108,2960.6241443879,3.3674115,60000,35789,ok,D30_FE60000_same_population
ASE-CSO,24,108,2980.04384279114,7.7971267,60000,0,ok,D30_FE60000_same_population
CLPSO,24,108,3062.26521961965,0.9339248,60000,0,ok,D30_FE60000_same_population
NRLPSO,24,108,3201.04993526836,3.5017337,60000,33942,ok,D30_FE60000_same_population
ASE-CSO,25,108,2941.45785604595,7.7110929,60000,0,ok,D30_FE60000_same_population
CLPSO,25,108,2947.375966713,0.8643143,60000,0,ok,D30_FE60000_same_population
NRLPSO,25,108,2893.19071455115,4.2365882,60000,26522,ok,D30_FE60000_same_population
ASE-CSO,26,108,4741.9381600001,8.2289415,60000,0,ok,D30_FE60000_same_population
CLPSO,26,108,5320.0162523582,1.0754752,60000,0,ok,D30_FE60000_same_population
NRLPSO,26,108,5378.18153694529,4.383931,60000,27852,ok,D30_FE60000_same_population
ASE-CSO,27,108,3241.3495858212,8.1174071,60000,0,ok,D30_FE60000_same_population
CLPSO,27,108,3242.66225178796,1.161673,60000,0,ok,D30_FE60000_same_population
NRLPSO,27,108,3200.00721218703,3.3494256,60000,39374,ok,D30_FE60000_same_population
ASE-CSO,28,108,3227.4248166798,7.9413343,60000,0,ok,D30_FE60000_same_population
CLPSO,28,108,3440.85585888835,1.026195,60000,0,ok,D30_FE60000_same_population
NRLPSO,28,108,3254.98129091988,4.5624146,60000,25122,ok,D30_FE60000_same_population
ASE-CSO,29,108,3988.54108601033,7.8935831,60000,0,ok,D30_FE60000_same_population
CLPSO,29,108,3985.37415980128,0.8370364,60000,0,ok,D30_FE60000_same_population
NRLPSO,29,108,3709.92829713865,3.9846013,60000,29356,ok,D30_FE60000_same_population
ASE-CSO,30,108,13821.6309717266,8.7689896,60000,0,ok,D30_FE60000_same_population
CLPSO,30,108,1314626.90573488,1.7425377,60000,0,ok,D30_FE60000_same_population
NRLPSO,30,108,67529.5659287159,3.9210539,60000,38238,ok,D30_FE60000_same_population
ASE-CSO,1,109,1675.77666116921,7.1805309,60000,0,ok,D30_FE60000_same_population
CLPSO,1,109,29526437.5524582,0.3516752,60000,0,ok,D30_FE60000_same_population
NRLPSO,1,109,5501.92100776548,3.7138725,60000,26904,ok,D30_FE60000_same_population
ASE-CSO,3,109,12127.9872611923,7.3213768,60000,0,ok,D30_FE60000_same_population
CLPSO,3,109,93918.2190362272,0.4130253,60000,0,ok,D30_FE60000_same_population
NRLPSO,3,109,381.217759139422,2.6708747,60000,36612,ok,D30_FE60000_same_population
ASE-CSO,4,109,508.97726402721,7.2427684,60000,0,ok,D30_FE60000_same_population
CLPSO,4,109,637.874048323802,0.3821964,60000,0,ok,D30_FE60000_same_population
NRLPSO,4,109,500.923503062523,2.6149602,60000,37636,ok,D30_FE60000_same_population
ASE-CSO,5,109,648.603158897109,7.2101726,60000,0,ok,D30_FE60000_same_population
CLPSO,5,109,643.029178859164,0.4486429,60000,0,ok,D30_FE60000_same_population
NRLPSO,5,109,604.470347436476,3.6193036,60000,27523,ok,D30_FE60000_same_population
ASE-CSO,6,109,609.333053784896,7.5433949,60000,0,ok,D30_FE60000_same_population
CLPSO,6,109,604.151216014037,0.6828463,60000,0,ok,D30_FE60000_same_population
NRLPSO,6,109,639.462378434624,3.4263845,60000,32092,ok,D30_FE60000_same_population
ASE-CSO,7,109,826.93936889016,7.8007818,60000,0,ok,D30_FE60000_same_population
CLPSO,7,109,869.214762486575,0.4551808,60000,0,ok,D30_FE60000_same_population
NRLPSO,7,109,880.937287296399,3.3039987,60000,31268,ok,D30_FE60000_same_population
ASE-CSO,8,109,920.584509515143,7.2749217,60000,0,ok,D30_FE60000_same_population
CLPSO,8,109,943.62738874728,0.4606786,60000,0,ok,D30_FE60000_same_population
NRLPSO,8,109,924.369178220638,3.650179,60000,27284,ok,D30_FE60000_same_population
ASE-CSO,9,109,923.547543477912,7.2556324,60000,0,ok,D30_FE60000_same_population
CLPSO,9,109,2334.63439648703,0.4840343,60000,0,ok,D30_FE60000_same_population
NRLPSO,9,109,1476.51187969028,3.1714734,60000,33132,ok,D30_FE60000_same_population
ASE-CSO,10,109,5619.05151516993,7.3498807,60000,0,ok,D30_FE60000_same_population
CLPSO,10,109,5993.37562000834,0.5160368,60000,0,ok,D30_FE60000_same_population
NRLPSO,10,109,4319.17767434266,2.9307133,60000,35686,ok,D30_FE60000_same_population
ASE-CSO,11,109,1223.8208594746,7.3159079,60000,0,ok,D30_FE60000_same_population
CLPSO,11,109,1511.8540222505,0.4062719,60000,0,ok,D30_FE60000_same_population
NRLPSO,11,109,1242.56041705512,3.7823531,60000,26493,ok,D30_FE60000_same_population
ASE-CSO,12,109,1324946.25195765,7.2961791,60000,0,ok,D30_FE60000_same_population
CLPSO,12,109,30763609.3106941,0.4131083,60000,0,ok,D30_FE60000_same_population
NRLPSO,12,109,35379.3116784094,3.5320602,60000,29040,ok,D30_FE60000_same_population
ASE-CSO,13,109,6618.6756890207,7.2053874,60000,0,ok,D30_FE60000_same_population
CLPSO,13,109,9968131.48452836,0.3907533,60000,0,ok,D30_FE60000_same_population
NRLPSO,13,109,12295.3178950543,2.8264453,60000,36489,ok,D30_FE60000_same_population
ASE-CSO,14,109,3978.71045293051,7.276353,60000,0,ok,D30_FE60000_same_population
CLPSO,14,109,71675.0978353786,0.4653116,60000,0,ok,D30_FE60000_same_population
NRLPSO,14,109,1578.67459550365,3.0372762,60000,34846,ok,D30_FE60000_same_population
ASE-CSO,15,109,28567.0398247191,7.7598762,60000,0,ok,D30_FE60000_same_population
CLPSO,15,109,37272.9327009578,0.3679567,60000,0,ok,D30_FE60000_same_population
NRLPSO,15,109,4818.83183285596,3.1245312,60000,32605,ok,D30_FE60000_same_population
ASE-CSO,16,109,2236.31821694044,7.3558254,60000,0,ok,D30_FE60000_same_population
CLPSO,16,109,2671.86813502257,0.430523,60000,0,ok,D30_FE60000_same_population
NRLPSO,16,109,2176.87343613965,2.8322848,60000,35944,ok,D30_FE60000_same_population
ASE-CSO,17,109,2180.40813279998,7.5572576,60000,0,ok,D30_FE60000_same_population
CLPSO,17,109,1973.97572903636,0.5892175,60000,0,ok,D30_FE60000_same_population
NRLPSO,17,109,1810.43954261094,3.6785419,60000,29148,ok,D30_FE60000_same_population
ASE-CSO,18,109,78730.5027053045,7.2362413,60000,0,ok,D30_FE60000_same_population
CLPSO,18,109,819164.994326724,0.4064401,60000,0,ok,D30_FE60000_same_population
NRLPSO,18,109,109819.608469282,2.5431908,60000,38928,ok,D30_FE60000_same_population
ASE-CSO,19,109,4319.15885156106,8.397999,60000,0,ok,D30_FE60000_same_population
CLPSO,19,109,140815.082758514,1.5483306,60000,0,ok,D30_FE60000_same_population
NRLPSO,19,109,3381.72322541805,4.390694,60000,31372,ok,D30_FE60000_same_population
ASE-CSO,20,109,2342.06494770255,7.5972933,60000,0,ok,D30_FE60000_same_population
CLPSO,20,109,2188.03300967259,0.5876309,60000,0,ok,D30_FE60000_same_population
NRLPSO,20,109,2403.85450161232,3.3835257,60000,32518,ok,D30_FE60000_same_population
ASE-CSO,21,109,2383.79559033734,7.4956091,60000,0,ok,D30_FE60000_same_population
CLPSO,21,109,2472.8343314131,0.7550377,60000,0,ok,D30_FE60000_same_population
NRLPSO,21,109,2459.28591196097,4.0198647,60000,27452,ok,D30_FE60000_same_population
ASE-CSO,22,109,3964.62740626639,7.6779942,60000,0,ok,D30_FE60000_same_population
CLPSO,22,109,3348.37412907866,0.8311316,60000,0,ok,D30_FE60000_same_population
NRLPSO,22,109,2462.16064564474,3.2895567,60000,35386,ok,D30_FE60000_same_population
ASE-CSO,23,109,2718.61958314691,7.9121649,60000,0,ok,D30_FE60000_same_population
CLPSO,23,109,2808.12400384433,0.8874386,60000,0,ok,D30_FE60000_same_population
NRLPSO,23,109,2873.63441586095,3.3837281,60000,34673,ok,D30_FE60000_same_population
ASE-CSO,24,109,2900.27949708123,7.8117433,60000,0,ok,D30_FE60000_same_population
CLPSO,24,109,3009.00980394838,0.9318956,60000,0,ok,D30_FE60000_same_population
NRLPSO,24,109,3183.88396392784,4.4642089,60000,27644,ok,D30_FE60000_same_population
ASE-CSO,25,109,2886.76467866447,7.6332419,60000,0,ok,D30_FE60000_same_population
CLPSO,25,109,2968.22279092307,0.8712372,60000,0,ok,D30_FE60000_same_population
NRLPSO,25,109,2896.43383682551,3.2783686,60000,37280,ok,D30_FE60000_same_population
ASE-CSO,26,109,2900.0081498572,7.9793345,60000,0,ok,D30_FE60000_same_population
CLPSO,26,109,5195.7630096048,1.0634977,60000,0,ok,D30_FE60000_same_population
NRLPSO,26,109,3463.14757336097,4.4586235,60000,26142,ok,D30_FE60000_same_population
ASE-CSO,27,109,3199.61851846574,8.1225363,60000,0,ok,D30_FE60000_same_population
CLPSO,27,109,3245.59004864817,1.2283223,60000,0,ok,D30_FE60000_same_population
NRLPSO,27,109,3200.00725485806,3.3461448,60000,39244,ok,D30_FE60000_same_population
ASE-CSO,28,109,3191.45186155836,7.9115515,60000,0,ok,D30_FE60000_same_population
CLPSO,28,109,3360.15142087308,1.0292058,60000,0,ok,D30_FE60000_same_population
NRLPSO,28,109,3253.74298359331,4.5448284,60000,25950,ok,D30_FE60000_same_population
ASE-CSO,29,109,3547.71472882861,7.6688353,60000,0,ok,D30_FE60000_same_population
CLPSO,29,109,3820.43751635405,0.8364462,60000,0,ok,D30_FE60000_same_population
NRLPSO,29,109,3615.06107641594,2.9902375,60000,38918,ok,D30_FE60000_same_population
ASE-CSO,30,109,16870.0241958413,8.9001134,60000,0,ok,D30_FE60000_same_population
CLPSO,30,109,1730428.00540119,1.7891057,60000,0,ok,D30_FE60000_same_population
NRLPSO,30,109,10454.3871111913,4.2377166,60000,36338,ok,D30_FE60000_same_population
ASE-CSO,1,110,163.726859490527,7.4000472,60000,0,ok,D30_FE60000_same_population
CLPSO,1,110,62905169.9031754,0.3582874,60000,0,ok,D30_FE60000_same_population
NRLPSO,1,110,2465.60891207501,3.6267963,60000,27292,ok,D30_FE60000_same_population
ASE-CSO,3,110,9137.59905245244,7.449521,60000,0,ok,D30_FE60000_same_population
CLPSO,3,110,95340.6639900427,0.402518,60000,0,ok,D30_FE60000_same_population
NRLPSO,3,110,1205.85842995549,2.8519793,60000,36447,ok,D30_FE60000_same_population
ASE-CSO,4,110,488.069408957095,7.1252782,60000,0,ok,D30_FE60000_same_population
CLPSO,4,110,571.34640063175,0.3665775,60000,0,ok,D30_FE60000_same_population
NRLPSO,4,110,486.384496716001,3.9483692,60000,25466,ok,D30_FE60000_same_population
ASE-CSO,5,110,613.597936128471,7.3626075,60000,0,ok,D30_FE60000_same_population
CLPSO,5,110,644.395144449407,0.4705937,60000,0,ok,D30_FE60000_same_population
NRLPSO,5,110,686.056215079912,3.6117985,60000,28296,ok,D30_FE60000_same_population
ASE-CSO,6,110,612.190948596683,7.5699584,60000,0,ok,D30_FE60000_same_population
CLPSO,6,110,603.024862523239,0.644636,60000,0,ok,D30_FE60000_same_population
NRLPSO,6,110,628.615507299275,3.7802363,60000,29606,ok,D30_FE60000_same_population
ASE-CSO,7,110,824.125632472995,7.2363186,60000,0,ok,D30_FE60000_same_population
CLPSO,7,110,884.124223938947,0.450502,60000,0,ok,D30_FE60000_same_population
NRLPSO,7,110,817.566453582584,3.4265629,60000,30138,ok,D30_FE60000_same_population
ASE-CSO,8,110,893.533914383872,7.2507604,60000,0,ok,D30_FE60000_same_population
CLPSO,8,110,930.936702051285,0.4674098,60000,0,ok,D30_FE60000_same_population
NRLPSO,8,110,935.31375890287,3.5285437,60000,28771,ok,D30_FE60000_same_population
ASE-CSO,9,110,1167.1187679381,7.408323,60000,0,ok,D30_FE60000_same_population
CLPSO,9,110,3813.08623971258,0.4640233,60000,0,ok,D30_FE60000_same_population
NRLPSO,9,110,1328.65372652095,3.2677155,60000,32154,ok,D30_FE60000_same_population
ASE-CSO,10,110,4429.29055636272,7.4842304,60000,0,ok,D30_FE60000_same_population
CLPSO,10,110,5454.97832065859,0.5158495,60000,0,ok,D30_FE60000_same_population
NRLPSO,10,110,3328.92442828358,2.8681424,60000,36209,ok,D30_FE60000_same_population
ASE-CSO,11,110,1226.78189135202,7.3555128,60000,0,ok,D30_FE60000_same_population
CLPSO,11,110,1638.44056035536,0.4237595,60000,0,ok,D30_FE60000_same_population
NRLPSO,11,110,1210.94930631633,3.7301431,60000,27284,ok,D30_FE60000_same_population
ASE-CSO,12,110,73913.3677374259,7.3912362,60000,0,ok,D30_FE60000_same_population
CLPSO,12,110,29786554.654586,0.4289677,60000,0,ok,D30_FE60000_same_population
NRLPSO,12,110,19307.6222544779,3.5851937,60000,28858,ok,D30_FE60000_same_population
ASE-CSO,13,110,29754.7635247031,7.2254017,60000,0,ok,D30_FE60000_same_population
CLPSO,13,110,3622853.05498011,0.3706429,60000,0,ok,D30_FE60000_same_population
NRLPSO,13,110,10242.8366882056,3.3447591,60000,31166,ok,D30_FE60000_same_population
ASE-CSO,14,110,4789.47222433874,7.2840482,60000,0,ok,D30_FE60000_same_population
CLPSO,14,110,83708.9122795636,0.4965531,60000,0,ok,D30_FE60000_same_population
NRLPSO,14,110,1616.77340687807,2.6415606,60000,38206,ok,D30_FE60000_same_population
ASE-CSO,15,110,13578.9435943144,7.2345836,60000,0,ok,D30_FE60000_same_population
CLPSO,15,110,59198.9523368753,0.3848407,60000,0,ok,D30_FE60000_same_population
NRLPSO,15,110,4384.93295756263,2.8350617,60000,36225,ok,D30_FE60000_same_population
ASE-CSO,16,110,2016.3772003199,7.2312105,60000,0,ok,D30_FE60000_same_population
CLPSO,16,110,2693.62396533842,0.4221696,60000,0,ok,D30_FE60000_same_population
NRLPSO,16,110,2435.62547375331,2.8429085,60000,35893,ok,D30_FE60000_same_population
ASE-CSO,17,110,1791.08775580777,7.5586236,60000,0,ok,D30_FE60000_same_population
CLPSO,17,110,2066.80906032679,0.5744426,60000,0,ok,D30_FE60000_same_population
NRLPSO,17,110,1893.99969609754,3.5694032,60000,30656,ok,D30_FE60000_same_population
ASE-CSO,18,110,61728.0984221396,7.2585672,60000,0,ok,D30_FE60000_same_population
CLPSO,18,110,549127.866296111,0.4060768,60000,0,ok,D30_FE60000_same_population
NRLPSO,18,110,54656.2432065597,2.7119198,60000,37069,ok,D30_FE60000_same_population
ASE-CSO,19,110,4217.7212915705,8.4287148,60000,0,ok,D30_FE60000_same_population
CLPSO,19,110,20315.9613541107,1.4474367,60000,0,ok,D30_FE60000_same_population
NRLPSO,19,110,2347.20511997699,3.8879155,60000,35922,ok,D30_FE60000_same_population
ASE-CSO,20,110,2357.69332780198,7.4729352,60000,0,ok,D30_FE60000_same_population
CLPSO,20,110,2323.10454547209,0.62682,60000,0,ok,D30_FE60000_same_population
NRLPSO,20,110,2208.8952205548,3.4867544,60000,31523,ok,D30_FE60000_same_population
ASE-CSO,21,110,2444.30982257067,7.7332139,60000,0,ok,D30_FE60000_same_population
CLPSO,21,110,2447.9108256911,0.7429888,60000,0,ok,D30_FE60000_same_population
NRLPSO,21,110,2415.28792768448,2.9720277,60000,37432,ok,D30_FE60000_same_population
ASE-CSO,22,110,2300.02810733309,7.4885263,60000,0,ok,D30_FE60000_same_population
CLPSO,22,110,3207.00589447844,0.8433567,60000,0,ok,D30_FE60000_same_population
NRLPSO,22,110,2300.00001717594,4.1942269,60000,26817,ok,D30_FE60000_same_population
ASE-CSO,23,110,2726.24812685815,7.7352494,60000,0,ok,D30_FE60000_same_population
CLPSO,23,110,2780.51207264072,0.8723258,60000,0,ok,D30_FE60000_same_population
NRLPSO,23,110,2929.16916215633,3.7508906,60000,31813,ok,D30_FE60000_same_population
ASE-CSO,24,110,2936.63015561044,7.8764139,60000,0,ok,D30_FE60000_same_population
CLPSO,24,110,3036.24046595832,0.9394331,60000,0,ok,D30_FE60000_same_population
NRLPSO,24,110,3009.78283154202,3.8038444,60000,32372,ok,D30_FE60000_same_population
ASE-CSO,25,110,2886.79536047317,7.4145218,60000,0,ok,D30_FE60000_same_population
CLPSO,25,110,2967.49056152965,0.8330211,60000,0,ok,D30_FE60000_same_population
NRLPSO,25,110,2894.70717648224,3.0298572,60000,36938,ok,D30_FE60000_same_population
ASE-CSO,26,110,2800.04363139093,8.0502126,60000,0,ok,D30_FE60000_same_population
CLPSO,26,110,5277.01473312963,1.0564934,60000,0,ok,D30_FE60000_same_population
NRLPSO,26,110,3273.47829221673,3.8490753,60000,31770,ok,D30_FE60000_same_population
ASE-CSO,27,110,3230.33330973895,8.0810054,60000,0,ok,D30_FE60000_same_population
CLPSO,27,110,3243.955782699,1.1362035,60000,0,ok,D30_FE60000_same_population
NRLPSO,27,110,3200.00725492552,3.22274,60000,39397,ok,D30_FE60000_same_population
ASE-CSO,28,110,3100.04434472646,7.9711739,60000,0,ok,D30_FE60000_same_population
CLPSO,28,110,3480.23814488244,1.0095076,60000,0,ok,D30_FE60000_same_population
NRLPSO,28,110,3252.15552683412,4.3186039,60000,26294,ok,D30_FE60000_same_population
ASE-CSO,29,110,3824.77060023043,7.9047592,60000,0,ok,D30_FE60000_same_population
CLPSO,29,110,3784.44888548637,0.8351857,60000,0,ok,D30_FE60000_same_population
NRLPSO,29,110,3889.82389298777,3.9701305,60000,29460,ok,D30_FE60000_same_population
ASE-CSO,30,110,34934.4718001734,8.3871297,60000,0,ok,D30_FE60000_same_population
CLPSO,30,110,983101.723732753,1.6724551,60000,0,ok,D30_FE60000_same_population
NRLPSO,30,110,8552.754449099,4.0745755,60000,35016,ok,D30_FE60000_same_population
