ID,Ready,Due,Arrival,Wait,ServiceStart,Service,Departure,LegDistance,Late
17,30,110,7.66161816043669,22.3383818395633,30,3,33,45.9697089626201,0
16,30,90,38.9923222581644,0,38.9923222581644,3,41.9923222581644,35.9539335489861,0
8,110,190,51.794479411716,58.205520588284,110,3,113,58.8129429213099,0
14,10,90,122.925146075466,0,122.925146075466,3,125.925146075466,59.550876452794,32.9251460754657
7,60,120,134.527502754352,0,134.527502754352,3,137.527502754352,51.6141400733151,14.5275027543515
5,150,230,145.93466284515,4.06533715485006,150,3,153,50.4429605447906,0
20,120,200,163.249394973956,0,163.249394973956,3,166.249394973956,61.4963698437342,0
6,130,230,171.206280656591,0,171.206280656591,3,174.206280656591,29.7413140958134,0
13,10,70,183.407642086082,0,183.407642086082,3,186.407642086082,55.2081685769455,113.407642086082
15,170,270,195.201122522163,0,195.201122522163,3,198.201122522163,52.7608826164826,0
1,110,170,211.331015060816,0,211.331015060816,3,214.331015060816,78.7793552319208,41.3310150608161
4,80,140,226.562575209992,0,226.562575209992,3,229.562575209992,73.3893608950561,86.5625752099922
18,160,260,240.107431050688,0,240.107431050688,3,243.107431050688,63.2691350441742,0
12,150,250,249.482414127348,0,249.482414127348,3,252.482414127348,38.249898459961,0
9,180,280,263.39646738751,0,263.39646738751,3,266.39646738751,65.484319560971,0
19,70,130,274.810390381341,0,274.810390381341,3,277.810390381341,50.4835379629854,144.810390381341
10,50,110,283.374514002842,0,283.374514002842,3,286.374514002842,33.3847417290074,173.374514002842
2,90,170,297.910692431228,0,297.910692431228,3,300.910692431228,69.2170705703131,127.910692431228
11,130,210,309.295890611051,0,309.295890611051,3,312.295890611051,50.3111890789393,99.2958906110507
3,70,170,320.726730832764,0,320.726730832764,3,323.726730832764,50.5850413302772,150.726730832764
