Mode,Scenario,N,Width,Run,Seed,Evaluations,Feasible,GeometryFeasible,TimeFeasible,Cost,Distance,Late,DepotLate,TerrainViolation,ObstacleViolation,AngleViolation,MapViolation,AltitudeViolation,ReturnTime,FirstFeasibleEvaluation,RouteChangeRate,Seconds
Full,N10_wide,10,45,1,20281104,3000,0,0,0,233358.991351442,547.93722809072,2.75750386508827,0,0,3,0,0,0,133.425421948741,NaN,NaN,12.2075321
Full,N10_wide,10,45,2,20281105,3000,0,0,0,274728.83805847,617.807580128371,54.0750044226341,0,0,2,0,0,0,147.761205529371,NaN,NaN,11.8873617
Full,N10_wide,10,45,3,20281106,3000,0,0,0,495684.03998981,577.117182415595,275.065398083103,0,0,2,0,0,0,176.162734166668,NaN,NaN,11.2141503
Full,N10_wide,10,45,4,20281107,3000,0,1,0,263300.151151867,545.098351866175,162.718959375858,0,0,0,0,0,0,155.198888308904,NaN,NaN,11.7840322
Full,N10_wide,10,45,5,20281108,3000,0,0,0,361351.715008852,628.894894897762,120.690192025782,0,0,4,0,0,0,156.901759751073,NaN,NaN,12.1892638
Full,N10_tight,10,12,1,20281104,3000,0,0,0,633957.485308154,539.66295508411,393.365189698553,0,0,4,0,0,0,164.780888066427,NaN,NaN,12.181187
Full,N10_tight,10,12,2,20281105,3000,0,0,0,513089.353307911,534.548176947269,190.169699973961,0,0.234691286011441,2,0,0,0,139.798082226255,NaN,NaN,11.1941136
Full,N10_tight,10,12,3,20281106,3000,0,0,0,457463.208708486,589.03687116272,216.828693943807,0,0,4,0,0,0,146.241354071278,NaN,NaN,11.9213337
Full,N10_tight,10,12,4,20281107,3000,0,0,0,442896.516589186,598.679394151904,232.267749474002,0,0,1,0,0,0,146.865353558855,NaN,NaN,11.7448979
Full,N10_tight,10,12,5,20281108,3000,0,0,0,633335.395052805,534.058762398989,422.760871011312,0,0,1,0,0,0,158.302792827481,NaN,NaN,11.639569
Full,N15_wide,15,45,1,20281204,3000,0,0,0,964417.606029581,950.899273424635,689.35482801687,4.03995655178599,0,7,0,0,0,244.039956551786,NaN,NaN,17.0484539
Full,N15_wide,15,45,2,20281205,3000,0,0,0,929177.238217167,911.546484091109,460.61353003423,0,5.75598529088915,11,0,0,0,227.12289594724,NaN,NaN,16.7138451
Full,N15_wide,15,45,3,20281206,3000,0,0,0,1313294.40732274,863.89844551199,885.987222963178,24.116294422192,0.226829841496851,10,0,0,0,264.116294422192,NaN,NaN,16.9125509
Full,N15_wide,15,45,4,20281207,3000,0,0,0,982809.895963359,843.507550425178,755.564335853755,6.34060014153846,0,2,0,0,0,246.340600141538,NaN,NaN,16.8561076
Full,N15_wide,15,45,5,20281208,3000,0,0,0,1068399.04262067,940.164216502763,447.950080937799,0,8.428079012425,12,1.51580774421365,0,0,235.106376975536,NaN,NaN,17.5646406
Full,N15_tight,15,12,1,20281204,3000,0,0,0,997767.106625047,889.925762054672,519.622324658649,0,1.71811206357906,16,0,0,0,202.39501897779,NaN,NaN,16.7848341
Full,N15_tight,15,12,2,20281205,3000,0,0,0,1119079.67920405,807.506561620851,848.208159928783,0,0,7,0,0,0,228.715589061362,NaN,NaN,16.1144812
Full,N15_tight,15,12,3,20281206,3000,0,0,0,1334258.88683375,902.180767099029,791.743946693827,0,0.737378638281678,6,7.41367126080514,0,0,222.959115420352,NaN,NaN,17.3387794
Full,N15_tight,15,12,4,20281207,3000,0,0,0,1470263.07367759,796.997122066849,1049.80290525702,0,0.957162319083137,11,0,0,0,232.081247193312,NaN,NaN,16.5042452
Full,N15_tight,15,12,5,20281208,3000,0,0,0,975861.594161336,918.926286505505,569.661917534065,0,2.5200588542324,8,0,0,0,220.258814146331,NaN,NaN,15.9117421
Full,N20_wide,20,45,1,20281304,3000,0,0,0,1703802.96997161,1159.31670688373,1130.44485565501,67.4279327315353,1.72812680049805,8,0.739161164059311,0,0,307.427932731535,NaN,NaN,21.4631917
Full,N20_wide,20,45,2,20281305,3000,0,0,0,1218117.55429823,1212.21689018093,623.246911500843,46.6792537303708,6.28692126727355,7,1.40061406487364,0,0,286.679253730371,NaN,NaN,21.5550374
Full,N20_wide,20,45,3,20281306,3000,0,0,0,2154006.81048938,1206.93434083263,1456.50699605469,90.7930127740171,4.78250102752382,7,8.75369523820288,0,0,330.793012774017,NaN,NaN,23.2342239
Full,N20_wide,20,45,4,20281307,3000,0,0,0,2150870.98843059,1202.88015452795,1553.6976262597,87.9267819955434,0.4001436167154,7,3.39003239055006,0,0,327.926781995543,NaN,NaN,21.6586302
Full,N20_wide,20,45,5,20281308,3000,0,0,0,1674168.81107422,1213.32566137962,1144.6196610892,68.823904635711,3.94087230932134,12,0,0,0,308.823904635711,NaN,NaN,21.5885899
Full,N20_tight,20,12,1,20281304,3000,0,0,0,1689474.38018419,1098.73742952121,1214.25148193784,41.9344089259395,1.20895926841519,12,0,0,0,281.934408925939,NaN,NaN,21.292999
Full,N20_tight,20,12,2,20281305,3000,0,0,0,1779770.08446292,1169.08607004247,946.840516303952,36.6161542427424,18.2743276162875,18,3.22617117716303,0,0,276.616154242742,NaN,NaN,20.9499689
Full,N20_tight,20,12,3,20281306,3000,0,0,0,3111654.56351149,1236.40337472582,2191.93602645213,100.49568024871,13.9512945259063,16,11.833831927987,0,0,340.49568024871,NaN,NaN,21.1793287
Full,N20_tight,20,12,4,20281307,3000,0,0,0,2612678.5758895,1200.79003518471,1971.28976481206,86.5899579962072,0.325713462445664,10,5.02379203643021,0,0,326.589957996207,NaN,NaN,21.4775055
Full,N20_tight,20,12,5,20281308,3000,0,0,0,3026260.49702934,1153.30329408838,2481.75948908626,113.715034550719,4.9528593446321,8,0,0,0,353.715034550719,NaN,NaN,21.3798833
