Mode,Scenario,N,Runs,FeasibleCount,FeasibleRate,GeometryRate,TimeRate,MeanLate,MeanDepotLate,MeanTerrainViolation,MeanObstacleViolation,MeanAngleViolation,MeanDistance,MeanRouteChangeRate,MeanSearchSeconds
Full,N10_wide,10,5,0,0,0.2,0,123.061411554493,0,0,2.2,0,583.371047479725,NaN,11.85646802
Full,N10_tight,10,5,0,0,0,0,291.078440820327,0,0.0469382572022883,2.4,0,559.197231948998,NaN,11.73622024
Full,N15_wide,15,5,0,0,0,0,647.893999561166,6.89937022310328,2.8821788289622,8.4,0.30316154884273,902.003193991135,NaN,17.01911962
Full,N15_tight,15,5,0,0,0,0,755.80785081447,0,1.18654237503526,9.6,1.48273425216103,863.107299869381,NaN,16.5308164
Full,N20_wide,20,5,0,0,0,0,1181.70321011189,72.3301771734355,3.42771300426643,8.2,2.85670057153718,1198.93475076097,NaN,21.89993462
Full,N20_tight,20,5,0,0,0,0,1761.21545571845,75.8702471928635,7.74263084353734,12.8,4.01675902831604,1171.66404071252,NaN,21.25593708
RouteOnly,N10_wide,10,5,5,1,1,1,0,0,0,0,0,332.765646337543,0.58969696969697,0.07681974
RouteOnly,N10_tight,10,5,3,0.6,1,0.6,19.6152652193523,0,0,0,0,362.481552378368,0.541010101010101,0.06920758
RouteOnly,N15_wide,15,5,4,0.8,1,0.8,4.8057301757938,0,0,0,0,428.270959618437,0.481212121212121,0.0897979
RouteOnly,N15_tight,15,5,0,0,1,0,96.4466080370742,0,0,0,0,461.945384667308,0.63986531986532,0.0876986
RouteOnly,N20_wide,20,5,2,0.4,1,0.4,154.596178937554,0,0,0,0,571.931917996866,0.718114478114478,0.10685548
RouteOnly,N20_tight,20,5,0,0,1,0,364.820636129702,0,0,0,0,618.027028863663,0.711851851851852,0.11017778
ControlOnly,N20_geometry,20,5,0,0,0,1,0,0,5.58840144192842,10,41.2222488557967,766.019879180212,0,21.18889196
