Function,FunctionID,Algorithm,Run,InitSeed,SearchSeed,Selection,Evaluations,BestCost,BestError,Seconds,SeekingSuccessRate,SeekingGlobalImprovementRate,DistanceToBestMean,DistanceToEliteMean,SourceProgressMean,SourceProgressP90,MeanParentCoverage,MeanConcentration
F04,4,E-G,81,20271085,20371085,globalCap2,60000,470.647289196813,70.6472891968132,11.6064467,0.176452599388379,0.014122880177926,25.8772645406817,27.6659638138445,-111.89927676536,0.0740702483272178,2.23886572143453,0.50247428412567
F04,4,E-G,82,20271086,20371086,globalCap2,60000,487.15291336596,87.1529133659598,11.5040458,0.161301084236864,0.0117041979427301,22.0566354920976,23.9621577176954,-111.823599439761,0.0687623765735967,2.33085904920767,0.482031322398287
F04,4,E-G,83,20271087,20371087,globalCap2,60000,511.954514041408,111.954514041408,11.5136771,0.139393939393939,0.0120378092855157,21.1636329942539,22.9120276586997,-104.701550944658,0.0693065274060402,2.32076730608841,0.484273931980354
F04,4,E-G,84,20271088,20371088,globalCap2,60000,486.661728003122,86.661728003122,11.5360886,0.192882958020573,0.0162635529608007,21.6191557872925,23.531030236999,-107.947301324041,0.0752689282353953,2.2580483736447,0.498211472523406
F04,4,E-G,85,20271089,20371089,globalCap2,60000,513.809872024339,113.809872024339,9.1044353,0.152571587433973,0.0112037809285516,21.1581839685489,22.9930447581227,-99.9958836246296,0.0720087388412743,2.28632193494579,0.491928458900937
F05,5,E-G,81,20271085,20371085,globalCap2,60000,611.073481555496,111.073481555496,9.2324767,0.0333889352237976,0.00202946900194607,80.5216965710515,92.3222716665901,-87.8023505739665,0.0837556705828082,2.11984987489575,0.528922250023189
F05,5,E-G,82,20271086,20371086,globalCap2,60000,589.548090515474,89.5480905154736,9.128141,0.0647484014456492,0.00308590492076731,77.1585754471085,86.4925890292486,-110.153716541791,0.0841269554480071,2.18824020016681,0.513724399962944
F05,5,E-G,83,20271087,20371087,globalCap2,60000,596.695475362883,96.6954753628829,9.1933261,0.0432582707812066,0.00230747845426745,106.137973998496,116.28277770898,-73.2155335422149,0.0853420227721196,2.14236864053378,0.523918079881403
F05,5,E-G,84,20271088,20371088,globalCap2,60000,600.491151544053,100.491151544053,9.0872147,0.0614400889630247,0.00289129830414234,72.6066562223949,80.6680424045696,-89.36744022082,0.0810624611435073,2.21793160967473,0.507126308961176
F05,5,E-G,85,20271089,20371089,globalCap2,60000,612.295067599842,112.295067599842,9.143289,0.0340839588546011,0.00252988601612455,94.0217292691876,110.448551142568,-100.888739353514,0.0864961208072612,2.13527939949958,0.52549346677789
F07,7,E-G,81,20271085,20371085,globalCap2,60000,858.007620475879,158.007620475879,8.9994555,0.0390881289963859,0.00227967750903531,46.5228633916682,51.370339260839,-89.4118037257288,0.0830399716859517,2.11676396997498,0.529608006672249
F07,7,E-G,82,20271086,20371086,globalCap2,60000,851.868601339055,151.868601339055,9.1457849,0.040116763969975,0.00216847372810676,45.9792870624299,52.1598639361502,-96.3218510195141,0.0820726292532894,2.10533778148457,0.532147159670118
F07,7,E-G,83,20271087,20371087,globalCap2,60000,824.292994789883,124.292994789883,9.1346483,0.0371698637753684,0.00194606616624965,48.2650556346382,53.1982256863957,-95.1633961315758,0.0839565743123096,2.12218515429525,0.528403299045523
F07,7,E-G,84,20271088,20371088,globalCap2,60000,849.5229604871,149.5229604871,9.410848,0.0369474562135113,0.00214067278287462,46.4342398089243,51.2435999745095,-99.8520980126927,0.084873528677937,2.12743953294412,0.527235659345771
F07,7,E-G,85,20271089,20371089,globalCap2,60000,859.45271352434,159.45271352434,9.1795415,0.0378648874061718,0.00239088128996386,45.837730452515,51.007956115389,-101.95568607396,0.0842129218235401,2.12527105921601,0.527717542396463
F08,8,E-G,81,20271085,20371085,globalCap2,60000,894.523068621672,94.5230686216717,9.2869312,0.0548512649430081,0.00417014178482068,78.2206064497058,86.1617586479729,-85.7488924781057,0.0825211389240324,2.15896580483736,0.520229821147269
F08,8,E-G,82,20271086,20371086,globalCap2,60000,912.932658916496,112.932658916496,9.0350071,0.0299972199054768,0.00236308034473172,92.5652635917985,109.858244852267,-87.5037011038892,0.0850190133116627,2.14111759799833,0.524196089333725
F08,8,E-G,83,20271087,20371087,globalCap2,60000,877.61440468753,77.6144046875302,9.0514367,0.0627189324437031,0.00419794273005282,97.5395254194129,103.824634431181,-89.7321418314775,0.0830524276686692,2.13911592994162,0.524640904457438
F08,8,E-G,84,20271088,20371088,globalCap2,60000,943.61433582809,143.61433582809,9.0211725,0.0309424520433695,0.00225187656380317,105.680404763454,120.969888449543,-103.009403206502,0.0824848642147854,2.12960800667223,0.526753776295081
F08,8,E-G,85,20271089,20371089,globalCap2,60000,916.413998030922,116.413998030922,8.9953549,0.0643591882123992,0.00442035029190993,80.0712647067287,90.1717071118523,-101.353114065214,0.0848951137928074,2.14587155963303,0.523139653414901
F11,11,E-G,81,20271085,20371085,globalCap2,60000,1292.90930660243,192.909306602431,8.9086198,0.132471504031137,0.00859049207673061,46.0399818065383,48.9606236963885,-96.9224284012855,0.0803968901367061,2.25729774812344,0.498378278194795
F11,11,E-G,82,20271086,20371086,globalCap2,60000,1279.96312942664,179.963129426643,8.9185031,0.131971087016959,0.00861829302196275,52.8275296286038,56.0652908097983,-116.507318328155,0.0743367439019978,2.28732276897415,0.491706051339074
F11,11,E-G,83,20271087,20371087,globalCap2,60000,1233.99073092723,133.990730927225,8.8899897,0.1185988323603,0.00589380038921323,37.5041480978964,40.3767870146827,-110.661106424971,0.0700235908231864,2.32727272727273,0.482828282828274
F11,11,E-G,84,20271088,20371088,globalCap2,60000,1164.4776678615,64.4776678615008,8.8947565,0.11378926883514,0.00683903252710592,45.719225016277,48.4744039825119,-105.765298069976,0.0722934539512639,2.35029190992494,0.477712908905558
F11,11,E-G,85,20271089,20371089,globalCap2,60000,1186.22729903501,86.2272990350093,8.9764633,0.137892688351404,0.00864609396719489,40.5857220417062,45.179141524895,-98.1705306224777,0.0811961024277949,2.29474562135113,0.490056528588635
F17,17,E-G,81,20271085,20371085,globalCap2,60000,1912.94885479192,212.948854791917,9.2571593,0.0765360022240756,0.00386433138726717,98.4401719671014,104.394036888327,-103.189880346708,0.0880612503496812,2.20834028356964,0.50925771476231
F17,17,E-G,82,20271086,20371086,globalCap2,60000,1914.62312239069,214.623122390689,9.1074839,0.0752571587433973,0.00303030303030303,80.8529849880638,91.6370703048535,-94.1938773657592,0.08743463510763,2.23411175979983,0.503530720044483
F17,17,E-G,83,20271087,20371087,globalCap2,60000,1898.12163052918,198.121630529183,9.1092358,0.0755073672504865,0.00283569641367806,82.9042174844945,86.7555582536889,-100.507863106201,0.0845117865029554,2.24762301918265,0.50052821795941
F17,17,E-G,84,20271088,20371088,globalCap2,60000,1787.02556785907,87.0255678590709,9.1753616,0.0805115373922713,0.00311370586599944,75.4531442044848,79.5471443206693,-85.1723590675183,0.0887778048172622,2.16905754795663,0.517987211565207
F17,17,E-G,85,20271089,20371089,globalCap2,60000,1983.46937959652,283.46937959652,9.2257947,0.0722268557130942,0.00261328885182096,86.8479825386773,95.2757788298261,-98.2362825365085,0.0851732074224261,2.24612176814012,0.500861829302196
F23,23,E-G,81,20271085,20371085,globalCap2,60000,2775.60588065778,475.605880657778,9.4674955,0.0564637197664721,0.00214067278287462,65.4879947008831,70.4894688082159,-97.9445630918735,0.0817834350620642,2.35537948290242,0.476582337132777
F23,23,E-G,82,20271086,20371086,globalCap2,60000,2807.32118886214,507.321188862137,9.6024367,0.0398109535724215,0.00269669168751738,85.1823951312477,102.722886064512,-88.7347268704979,0.0936444495288255,2.1535446205171,0.521434528773998
F23,23,E-G,83,20271087,20371087,globalCap2,60000,2745.40719475361,445.407194753608,9.3745389,0.0666944676118988,0.00380872949680289,88.7707577268282,113.974809464469,-72.6803024256418,0.0931814127594722,2.21826522101751,0.507052173107227
F23,23,E-G,84,20271088,20371088,globalCap2,60000,2859.73938605209,559.739386052093,9.3475285,0.057047539616347,0.00247428412566027,80.4135548038273,87.3870267853177,-94.0333771908322,0.0917111610406764,2.2744787322769,0.494560281716243
F23,23,E-G,85,20271089,20371089,globalCap2,60000,2759.1447946373,459.144794637301,9.4339343,0.056658326383097,0.00255768696135669,48.8995004310018,53.6745077457783,-85.6342688053169,0.0778213892971441,2.40683903252711,0.46514688166062
F25,25,E-G,81,20271085,20371085,globalCap2,60000,2887.07092368941,387.07092368941,9.3991347,0.204309146510981,0.0162913539060328,25.0492523426319,27.2427788624763,-110.417441610404,0.0739399354026169,2.2650542118432,0.496654619590405
F25,25,E-G,82,20271086,20371086,globalCap2,60000,2886.77197339415,386.771973394147,9.5687654,0.184348067834306,0.0134556574923547,29.0273983640074,31.1706789740084,-105.018804997888,0.0751441192550211,2.26638865721435,0.496358076174592
F25,25,E-G,83,20271087,20371087,globalCap2,60000,2883.49360842075,383.493608420745,9.6580123,0.168473728106756,0.0117876007784265,27.104995050296,28.931764084048,-112.599213086373,0.0684680405818705,2.3348623853211,0.481141692150856
F25,25,E-G,84,20271088,20371088,globalCap2,60000,2896.43044682114,396.430446821137,9.6178281,0.167250486516542,0.0104531554072838,27.9193118306962,29.5808255316699,-114.201811704714,0.0700545329794242,2.29090909090909,0.490909090909088
F25,25,E-G,85,20271089,20371089,globalCap2,60000,2886.99928346913,386.999283469134,9.5943305,0.156185710314151,0.00948012232415902,23.1361712470229,25.0901594764016,-112.601983955269,0.0686461489546982,2.34211843202669,0.479529237327393
F04,4,E-C,81,20271085,20371085,coverageSource,60000,515.27752033255,115.27752033255,16.1931451,0.125521267723103,0.00973033083124826,26.7452627537646,27.7974899906999,-60.0895669449388,0.102902973765848,2.92376980817348,0.35027337596146
F04,4,E-C,82,20271086,20371086,coverageSource,60000,483.816557442668,83.8165574426679,16.1314737,0.137725882680011,0.0103419516263553,26.2623200095206,27.4503698382127,-56.2604788435837,0.0997157812011338,2.91534612176814,0.352145306273757
F04,4,E-C,83,20271087,20371087,coverageSource,60000,431.091526031169,31.0915260311691,16.0811354,0.148874061718098,0.0124826244092299,24.7034906178301,25.8066175141421,-60.9102673190847,0.10232861480164,2.92643869891576,0.349680289129842
F04,4,E-C,84,20271088,20371088,coverageSource,60000,469.22015857613,69.2201585761301,15.6586369,0.154267445093133,0.0111203780928552,25.9956966469136,27.1080521104415,-63.2277919911788,0.100998647601217,2.93010842368641,0.348864794736366
F04,4,E-C,85,20271089,20371089,coverageSource,60000,403.99154790898,3.99154790898046,14.5495557,0.158187378370865,0.0136780650542118,37.9988829142934,39.5406700265554,-61.6173725897418,0.108868518568879,2.90492076730609,0.354462051709768
F05,5,E-C,81,20271085,20371085,coverageSource,60000,599.585994277221,99.5859942772213,14.7801683,0.0258826800111204,0.00144564915207117,102.848030041688,111.457362845799,-58.4269660375672,0.0932894285016128,2.95479566305254,0.343378741543893
F05,5,E-C,82,20271086,20371086,coverageSource,60000,596.975836094215,96.9758360942154,14.7695422,0.0271615234917987,0.00169585765916041,117.942526013566,128.46827420628,-63.8624947563241,0.0915367033652751,2.94528773978315,0.345491613381535
F05,5,E-C,83,20271087,20371087,coverageSource,60000,607.108222449999,107.108222449999,14.7975966,0.0272449263274951,0.00208507089241034,117.574854449384,129.087180855687,-58.04256871747,0.0907200542826981,2.96063386155129,0.342081364099727
F05,5,E-C,84,20271088,20371088,coverageSource,60000,560.692500420359,60.6925004203591,14.5354655,0.0389769252154573,0.002418682235196,76.5693553542589,83.6741916063528,-61.9726232839019,0.0949715532979768,2.83653044203503,0.369659901770004
F05,5,E-C,85,20271089,20371089,coverageSource,60000,632.66642283027,132.66642283027,14.7053568,0.0241034195162636,0.00158465387823186,128.535284767409,139.883001849162,-59.8792038470103,0.09039351085669,2.96113427856547,0.341970160318798
F07,7,E-C,81,20271085,20371085,coverageSource,60000,867.661635466853,167.661635466853,14.4116283,0.0329163191548513,0.00189046427578538,56.488221983229,60.0251665917517,-59.9918795579949,0.100599142008105,2.95371142618849,0.343619683069238
F07,7,E-C,82,20271086,20371086,coverageSource,60000,866.656473232029,166.656473232029,14.5366667,0.034473172087851,0.002418682235196,59.8629689287197,63.7296977319347,-56.0379547599285,0.0992176754176742,2.95646371976647,0.343008062274131
F07,7,E-C,83,20271087,20371087,coverageSource,60000,858.237720123246,158.237720123246,15.2203552,0.0330831248262441,0.00169585765916041,57.1713519629942,61.0686935246708,-60.6979271552196,0.0975973849707649,2.9372810675563,0.34727087387639
F07,7,E-C,84,20271088,20371088,coverageSource,60000,808.514210578077,108.514210578077,15.3180552,0.0341951626355296,0.00172365860439255,57.7805392328374,62.0773975037659,-55.5072801024102,0.0980382226093987,2.95154295246038,0.344101566119928
F07,7,E-C,85,20271089,20371089,coverageSource,60000,849.624445442382,149.624445442382,15.0492884,0.0334167361690297,0.00197386711148179,55.3875369509652,58.8137156716532,-55.7096043153286,0.0988611223945124,2.95195996663887,0.344008896302488
F08,8,E-C,81,20271085,20371085,coverageSource,60000,869.654256372034,69.6542563720338,15.4204647,0.0549624687239366,0.00328051153739227,93.5087216418263,101.845521287892,-58.5308987892307,0.0958223602012659,2.95596330275229,0.34311926605506
F08,8,E-C,82,20271086,20371086,coverageSource,60000,892.479267635335,92.4792676353351,14.4528028,0.0271893244370309,0.00197386711148179,139.093547055019,148.418661685603,-64.4075369258757,0.0889783789137132,2.96121768140117,0.34195162635531
F08,8,E-C,83,20271087,20371087,coverageSource,60000,887.703495174283,87.7034951742833,14.632912,0.0251876563803169,0.00191826522101751,109.272277238256,114.225523360615,-55.4686586857351,0.0924580935712426,2.95045871559633,0.344342507645273
F08,8,E-C,84,20271088,20371088,coverageSource,60000,861.687358340951,61.6873583409506,14.5251947,0.0420350291909925,0.00239088128996386,95.9663770184813,102.12672100155,-47.918109033968,0.0947400821676757,2.76246872393661,0.38611806134743
F08,8,E-C,85,20271089,20371089,coverageSource,60000,844.773482782449,44.7734827824486,14.530246,0.0427022518765638,0.0018348623853211,81.1738923905569,87.9596275489307,-52.6184279085654,0.0928026237910078,2.84336947456213,0.36814011676398
F11,11,E-C,81,20271085,20371085,coverageSource,60000,1255.57167022837,155.571670228374,14.4697284,0.0901028634973589,0.00486516541562413,70.1275314958266,79.860857675197,-64.5020136599876,0.123185340972374,2.93236030025021,0.348364377722187
F11,11,E-C,82,20271086,20371086,coverageSource,60000,1221.14105426864,121.141054268642,14.7340462,0.126160689463442,0.00675562969140951,48.7475481051909,51.7832707773472,-59.5832473706642,0.107097712414015,2.89257714762302,0.357205078306004
F11,11,E-C,83,20271087,20371087,coverageSource,60000,1208.3401265383,108.340126538305,14.5505267,0.101918265221018,0.00514317486794551,46.5859720921404,48.9567870342832,-62.6993275703401,0.100240337485833,2.85279399499583,0.366045778889824
F11,11,E-C,84,20271088,20371088,coverageSource,60000,1178.12490613313,78.1249061331348,14.5489981,0.143230469835974,0.00925771476230192,44.9571416319023,47.6991021046157,-64.0837658152741,0.104943820220472,2.95104253544621,0.344212769900857
F11,11,E-C,85,20271089,20371089,coverageSource,60000,1276.99730553384,176.997305533841,14.2413723,0.115151515151515,0.0068946344175702,49.6693848360167,52.4264728338616,-50.8837071865617,0.101840101654724,2.89599666388657,0.356445185802992
F17,17,E-C,81,20271085,20371085,coverageSource,60000,1859.67128160504,159.671281605039,14.719153,0.0616346955796497,0.00328051153739227,117.88583973826,128.555361505904,-52.5918037244497,0.0989957235782649,2.89974979149291,0.35561115744603
F17,17,E-C,82,20271086,20371086,coverageSource,60000,1951.11818809447,251.118188094468,14.6380728,0.0614678899082569,0.00305810397553517,90.6804951641854,98.0427262409315,-56.8813293841556,0.102655318520758,2.93511259382819,0.347752756927081
F17,17,E-C,83,20271087,20371087,coverageSource,60000,1827.86186276571,127.861862765707,14.5558161,0.0629413400055602,0.00300250208507089,108.4099718996,112.489542487814,-59.4429451799589,0.109974946717166,2.89190992493745,0.357353350013911
F17,17,E-C,84,20271088,20371088,coverageSource,60000,1928.60244824573,228.602448245732,14.7325083,0.0634417570197387,0.00283569641367806,124.107185930672,134.637044701002,-57.1237044215219,0.10675148904195,2.95396163469558,0.343564081178774
F17,17,E-C,85,20271089,20371089,coverageSource,60000,2034.2670736626,334.2670736626,14.84457,0.0631637475674173,0.00255768696135669,155.792711166857,185.724092051787,-54.3613203031042,0.0984574562586047,2.94979149291076,0.344490779353178
F23,23,E-C,81,20271085,20371085,coverageSource,60000,2722.74785393141,422.747853931412,15.1352558,0.0454267445093133,0.00250208507089241,66.1007352218383,70.6972529658821,-57.1847073248671,0.0975408797509508,2.82135112593828,0.373033083124836
F23,23,E-C,82,20271086,20371086,coverageSource,60000,2761.086710153,461.086710153,14.9956474,0.0491520711704198,0.00255768696135669,94.104874548319,102.270610497196,-65.8665366742765,0.0980207137751936,2.88215179316097,0.359521823742019
F23,23,E-C,83,20271087,20371087,coverageSource,60000,2747.09843883263,447.098438832632,14.8828417,0.0503475118154017,0.00294690019460662,92.3684537741055,104.688575412843,-56.9980154178966,0.0989354000315042,2.9208507089241,0.350922064683542
F23,23,E-C,84,20271088,20371088,coverageSource,60000,2755.42304977734,455.423049777336,14.9089801,0.0563247150403114,0.0036697247706422,82.8538213014836,90.306355775523,-56.1766842401419,0.108604568801102,2.87739783152627,0.360578259660839
F23,23,E-C,85,20271089,20371089,coverageSource,60000,2771.54143268595,471.541432685953,15.0186292,0.0546566583263831,0.003224909646928,93.0711290124479,101.971073862326,-67.5402704028958,0.101189191111709,2.93427856547123,0.347938096561961
F25,25,E-C,81,20271085,20371085,coverageSource,60000,2887.02832808425,387.028328084246,14.9019599,0.149652488184598,0.0117876007784265,29.4043447066683,30.7142694832627,-63.8665172755126,0.107118863781951,2.89374478732277,0.356945602817172
F25,25,E-C,82,20271086,20371086,coverageSource,60000,2886.86612920122,386.866129201218,15.4582559,0.133277731442869,0.0107311648596052,26.1860179024435,27.5871705825416,-58.6486447943395,0.0985496409666347,2.88165137614679,0.359633027522947
F25,25,E-C,83,20271087,20371087,coverageSource,60000,2887.26811697433,387.268116974328,15.599959,0.140617180984153,0.0113149847094801,26.6976082459717,28.0446611098001,-63.7098077818987,0.0970605135760129,2.8256880733945,0.372069317023456
F25,25,E-C,84,20271088,20371088,coverageSource,60000,2887.12901649268,387.129016492677,15.6071364,0.123491798721157,0.0104253544620517,26.624007004428,28.1470537674541,-60.6503184845766,0.093569288473765,2.85829858215179,0.364822537299613
F25,25,E-C,85,20271089,20371089,coverageSource,60000,2887.0906579697,387.090657969701,15.8413333,0.143397275507367,0.00984153461217681,29.0335580400611,30.6055000603764,-64.766036575431,0.105059238420183,2.87080900750626,0.362042442776399
F04,4,E-S,81,20271085,20371085,sourceAware,60000,509.875377062698,109.875377062698,20.2149524,0.141423408395885,0.0113427856547123,21.2476489477727,22.1851866962591,-56.886191957372,0.192394355106173,2.93527939949958,0.347715689000105
F04,4,E-S,82,20271086,20371086,sourceAware,60000,472.617786222428,72.6177862224282,20.3958279,0.119432860717264,0.00836808451487351,24.0079552187499,24.9979671889445,-59.7003771683653,0.190432719178251,2.89024186822352,0.357724029283668
F04,4,E-S,83,20271087,20371087,sourceAware,60000,489.638548517544,89.6385485175436,19.4472192,0.11014734500973,0.00786766750069502,20.6845968112019,21.5762682390734,-52.167171885629,0.193287324912744,2.87923269391159,0.360170512464096
F04,4,E-S,84,20271088,20371088,sourceAware,60000,493.017973122176,93.0179731221762,20.1293724,0.134056157909369,0.0107589658048374,28.1813343176888,29.3082301651978,-54.1143672426121,0.190496331278735,2.92427022518766,0.350162172180532
F04,4,E-S,85,20271089,20371089,sourceAware,60000,483.538214055527,83.5382140555269,20.9149854,0.156213511259383,0.0136780650542118,26.5404519855701,27.6445547121555,-54.3153731421095,0.192876246111484,2.93269391159299,0.348290241868235
F05,5,E-S,81,20271085,20371085,sourceAware,60000,554.722966154292,54.7229661542922,20.9040214,0.0488740617180984,0.00219627467333889,72.766416543334,76.1687068555057,-54.9979269108852,0.140062260001671,2.84136780650542,0.368584931887694
F05,5,E-S,82,20271086,20371086,sourceAware,60000,552.733329447741,52.7333294477405,20.0256592,0.0494300806227412,0.0028634973589102,87.9130660364445,95.6524966388608,-49.9876578598723,0.137964607667384,2.9047539616347,0.354499119636746
F05,5,E-S,83,20271087,20371087,sourceAware,60000,554.722754218297,54.7227542182974,20.8741757,0.0408117876007784,0.00202946900194607,83.2179902293937,87.4645871705515,-52.2383349155622,0.137952911195393,2.79207673060884,0.379538504309156
F05,5,E-S,84,20271088,20371088,sourceAware,60000,631.574375645456,131.574375645456,21.5605837,0.0273839310536558,0.00244648318042813,106.691055959502,114.24412685957,-58.5138009611289,0.133549168500278,2.95754795663053,0.342767120748786
F05,5,E-S,85,20271089,20371089,sourceAware,60000,558.702773621235,58.7027736212348,22.1019398,0.0452877397831526,0.00236308034473172,79.8017661371275,84.8053025483063,-53.4382864124189,0.137875284773246,2.86363636363636,0.363636363636375
F07,7,E-S,81,20271085,20371085,sourceAware,60000,824.560682893606,124.560682893606,20.8698877,0.0326383097025299,0.0020572699471782,54.9508899498277,58.4267447824383,-55.8410929357628,0.150090062790211,2.93861551292744,0.346974330460581
F07,7,E-S,82,20271086,20371086,sourceAware,60000,843.833711193139,143.833711193139,21.2611373,0.0326939115929942,0.00175145954962469,58.2980879503265,61.1816037864731,-50.7641440102708,0.148553797053728,2.9442869057548,0.345714020943391
F07,7,E-S,83,20271087,20371087,sourceAware,60000,864.429743837072,164.429743837072,17.5576419,0.0293021962746733,0.00133444537114262,54.7763787273042,57.6284005258238,-62.6008455123989,0.148451116730502,2.94970809007506,0.344509313316666
F07,7,E-S,84,20271088,20371088,sourceAware,60000,874.063319828894,174.063319828894,17.6143086,0.0336947456213511,0.00180706144008896,58.1534767071539,61.3029440002693,-63.4483699113582,0.151092719332327,2.94845704753962,0.344787322768987
F07,7,E-S,85,20271089,20371089,sourceAware,60000,833.673682281144,133.673682281144,17.0621563,0.033666944676119,0.00219627467333889,54.1192819946023,57.0512530363305,-56.8824360278387,0.149775116492637,2.94445371142619,0.345676953016415
F08,8,E-S,81,20271085,20371085,sourceAware,60000,935.99069914989,135.99069914989,17.2979816,0.0249096469279956,0.00214067278287462,108.073864055039,114.102657941839,-56.6033759191663,0.130678107498912,2.95913261050876,0.342414975442512
F08,8,E-S,82,20271086,20371086,sourceAware,60000,906.476982784638,106.476982784638,14.4050035,0.0496802891298304,0.00519877675840979,97.6324506531147,108.088074873599,-58.7404975603212,0.139215086418584,2.95479566305254,0.343378741543893
F08,8,E-S,83,20271087,20371087,sourceAware,60000,878.602481213435,78.6024812134348,14.3525089,0.0475952182374201,0.00294690019460662,103.664186366585,113.171161626887,-61.09498115846,0.132365018068513,2.91926605504587,0.351274209989818
F08,8,E-S,84,20271088,20371088,sourceAware,60000,894.801566272859,94.8015662728588,14.0577439,0.0252432582707812,0.00214067278287462,117.280447226852,130.616338213199,-63.6849895280871,0.133959898699837,2.95054211843203,0.344323973681785
F08,8,E-S,85,20271089,20371089,sourceAware,60000,891.652509949184,91.6525099491842,14.2142896,0.0236586043925493,0.00175145954962469,108.956428960928,113.811602454654,-65.6925420972033,0.132406590845787,2.95621351125938,0.343063664164595
F11,11,E-S,81,20271085,20371085,sourceAware,60000,1261.73593216911,161.735932169109,14.9973492,0.0732554906866833,0.00483736447039199,54.2939708867535,54.9003764168703,-55.1113095169677,0.206598248876314,2.74628857381151,0.389713650264113
F11,11,E-S,82,20271086,20371086,sourceAware,60000,1334.54331256889,234.543312568889,14.65793,0.117486794551015,0.00795107033639144,40.9700616923938,42.5897051576615,-56.9197694685031,0.193236374829558,2.92201834862385,0.35066258919471
F11,11,E-S,83,20271087,20371087,sourceAware,60000,1199.37971955469,99.379719554689,14.8898391,0.105448985265499,0.00761745899360578,46.0185700370465,47.8789676406289,-60.6439338699729,0.182978003480507,2.87639699749792,0.360800667222694
F11,11,E-S,84,20271088,20371088,sourceAware,60000,1186.8634284069,86.863428406903,14.8778748,0.10936891854323,0.00834028356964137,47.0106312148218,48.7317855315694,-61.3479714643786,0.202771184519286,2.90675562969141,0.35405430451303
F11,11,E-S,85,20271089,20371089,sourceAware,60000,1231.27845945965,131.278459459647,14.4058392,0.100583819849875,0.00578259660828468,41.7086852432096,44.1590117927552,-56.5824043719733,0.18410596263778,2.86305254378649,0.363766101380788
F17,17,E-S,81,20271085,20371085,sourceAware,60000,2059.83008258646,359.830082586455,14.5023049,0.055852098971365,0.00252988601612455,73.3807492904441,76.4927729129508,-56.2595800694303,0.180961943985829,2.85796497080901,0.364896673153563
F17,17,E-S,82,20271086,20371086,sourceAware,60000,1913.71638302967,213.716383029669,14.368585,0.0591048095635252,0.00350291909924937,154.615902836827,158.022524744866,-50.4495777930446,0.163817636902144,2.81476230191827,0.374497266240396
F17,17,E-S,83,20271087,20371087,sourceAware,60000,1769.82664264019,69.8266426401872,14.5028758,0.0570197386711148,0.00341951626355296,160.592437046069,171.722094329469,-52.8824238187184,0.148283635919607,2.9163469557965,0.351922898711899
F17,17,E-S,84,20271088,20371088,sourceAware,60000,1907.95339472823,207.953394728229,13.9758536,0.0613288851820962,0.00289129830414234,93.38423409388,101.271900320267,-57.7466859232073,0.169457423731472,2.91959966638866,0.351200074135865
F17,17,E-S,85,20271089,20371089,sourceAware,60000,1803.93572607587,103.935726075872,13.9023916,0.0555462885738115,0.00225187656380317,102.19782956133,106.530280277256,-47.3375040132197,0.162777881522161,2.87256046705588,0.361653229543149
F23,23,E-S,81,20271085,20371085,sourceAware,60000,2708.93025161591,408.930251615907,14.027437,0.0435084792882958,0.00252988601612455,104.865358897007,119.312718367047,-58.0859124600162,0.16045322298538,2.82677231025855,0.371828375498111
F23,23,E-S,82,20271086,20371086,sourceAware,60000,2740.57871852571,440.578718525706,13.9896128,0.0512649430080623,0.00319710870169586,105.018355104795,109.536457120559,-55.2097507826046,0.152178336557207,2.9419516263553,0.346232971921058
F23,23,E-S,83,20271087,20371087,sourceAware,60000,2719.60546532971,419.605465329709,14.3866799,0.0520989713650264,0.00361412288017793,91.6257064480877,98.282869799453,-55.2552862804292,0.151411817565374,2.9139282735613,0.352460383653056
F23,23,E-S,84,20271088,20371088,sourceAware,60000,2768.92811778287,468.928117782872,14.2942149,0.0482902418682235,0.00261328885182096,63.2491830394781,66.8026716148382,-47.548333751779,0.160726076134829,2.80850708924103,0.375887313502
F23,23,E-S,85,20271089,20371089,sourceAware,60000,2719.23874037777,419.238740377769,14.2997267,0.0521267723102585,0.00300250208507089,70.807543425441,74.8571774979752,-50.6160930234857,0.159565066684235,2.82351959966639,0.372551200074144
F25,25,E-S,81,20271085,20371085,sourceAware,60000,2887.06618265164,387.066182651639,14.2720469,0.106144008896302,0.00822907978871282,25.0911641516413,26.1895953987446,-59.8567764107128,0.178764224245513,2.82602168473728,0.371995181169503
F25,25,E-S,82,20271086,20371086,sourceAware,60000,2939.50648976231,439.506489762311,14.0943347,0.119794273005282,0.00739505143174868,23.6505468636421,24.8659348946678,-64.0578428239219,0.198946376635171,2.86680567139283,0.362932073023827
F25,25,E-S,83,20271087,20371087,sourceAware,60000,2883.40686593879,383.406865938795,13.9339799,0.138893522379761,0.0115373922713372,30.8195051983807,31.9383695990958,-61.0163154119197,0.182860829421619,2.88115095913261,0.359744231303871
F25,25,E-S,84,20271088,20371088,sourceAware,60000,2886.86277845795,386.862778457948,14.0450233,0.14564915207117,0.0113149847094801,26.3758964582786,27.6206229939255,-61.5373514692278,0.191363767563415,2.84862385321101,0.366972477064231
F25,25,E-S,85,20271089,20371089,sourceAware,60000,2896.51028689956,396.510286899558,14.1490264,0.153350013900473,0.0110369752571587,25.8563752661551,27.1048401603704,-58.9188752271539,0.204727818208236,2.90433694745621,0.354591789454186
