Function,FunctionID,Algorithm,Run,SearchCore,EliteGuidance,TracingAcceptance,SMP,InitSeed,SearchSeed,Evaluations,BestCost,BestError,Seconds,Error30FE,Error60FE,Error80FE
F01,1,V1-A-TracingOnly,21,base,0,1,5,20271025,20371025,300000,20170.5379961987,20070.5379961987,44.5583842,8654917.81960697,2772348.52961738,1153758.34134056
F01,1,V1-B-EliteOnly,21,elite,1,0,5,20271025,20371025,300000,710.63901310384,610.63901310384,51.9059815,7812997.1879507,3327148.20203797,1146342.08822473
F01,1,V1-A-TracingOnly,22,base,0,1,5,20271026,20371026,300000,7223.02291777427,7123.02291777427,43.6223125,8070032.48959537,2033084.46343969,993670.902342193
F01,1,V1-B-EliteOnly,22,elite,1,0,5,20271026,20371026,300000,1983.34453777176,1883.34453777176,51.5337926,8588330.73998635,4211970.09984357,891084.110790288
F01,1,V1-A-TracingOnly,23,base,0,1,5,20271027,20371027,300000,2059.7252823923,1959.7252823923,42.9978644,8271292.96033668,2197352.36794154,946087.452894064
F01,1,V1-B-EliteOnly,23,elite,1,0,5,20271027,20371027,300000,2608.10407310297,2508.10407310297,50.3462383,10541418.6614575,4331950.01149901,1111395.17235233
F03,3,V1-A-TracingOnly,21,base,0,1,5,20271025,20371025,300000,300.046541787347,0.0465417873465412,43.1653046,239.006250489734,20.9407512555281,3.92666276878487
F03,3,V1-B-EliteOnly,21,elite,1,0,5,20271025,20371025,300000,302.970943736539,2.97094373653886,50.3314907,7161.37205281374,371.33306592337,61.9865006972304
F03,3,V1-A-TracingOnly,22,base,0,1,5,20271026,20371026,300000,300.062604199732,0.0626041997321636,42.883858,1127.5958514826,11.2966105370556,4.99416149036864
F03,3,V1-B-EliteOnly,22,elite,1,0,5,20271026,20371026,300000,1419.22294144223,1119.22294144223,50.3470844,16428.710734534,3549.45186075768,1929.80254627257
F03,3,V1-A-TracingOnly,23,base,0,1,5,20271027,20371027,300000,300.034033340382,0.0340333403818818,42.2350963,1182.41391792485,23.1017738957508,4.41313022716372
F03,3,V1-B-EliteOnly,23,elite,1,0,5,20271027,20371027,300000,312.699878857344,12.6998788573437,49.9873963,2438.53999106129,68.0461489959418,13.9104837383974
F09,9,V1-A-TracingOnly,21,base,0,1,5,20271025,20371025,300000,8617.81356460083,7717.81356460083,42.8302691,9524.43628931171,8397.29259630372,7965.5468859161
F09,9,V1-B-EliteOnly,21,elite,1,0,5,20271025,20371025,300000,1277.3550603366,377.355060336602,50.6777079,673.851509020903,485.919914403624,381.163084580847
F09,9,V1-A-TracingOnly,22,base,0,1,5,20271026,20371026,300000,5888.81733815752,4988.81733815752,42.8309086,6168.46066980846,6012.66468200248,5285.88620793451
F09,9,V1-B-EliteOnly,22,elite,1,0,5,20271026,20371026,300000,1348.35360975707,448.35360975707,50.1174674,1363.62809468667,770.709592958888,448.35360975707
F09,9,V1-A-TracingOnly,23,base,0,1,5,20271027,20371027,300000,6371.51979619398,5471.51979619398,41.9597697,8195.59844043231,6598.39745150352,5986.22599940751
F09,9,V1-B-EliteOnly,23,elite,1,0,5,20271027,20371027,300000,1690.65856223593,790.658562235931,55.1278108,1210.71238341723,925.013355684533,828.01493707855
F12,12,V1-A-TracingOnly,21,base,0,1,5,20271025,20371025,300000,549102.066915854,547902.066915854,41.1947302,1046187.52266134,872494.552545349,673474.545730315
F12,12,V1-B-EliteOnly,21,elite,1,0,5,20271025,20371025,300000,559401.677120738,558201.677120738,48.8869339,2682901.14470398,1001982.42156986,741987.520984867
F12,12,V1-A-TracingOnly,22,base,0,1,5,20271026,20371026,300000,392039.230881509,390839.230881509,43.29529,651649.523031298,588220.246503299,462929.033083896
F12,12,V1-B-EliteOnly,22,elite,1,0,5,20271026,20371026,300000,843002.343771535,841802.343771535,51.026466,2457543.42517656,1282796.5788286,1037951.76927161
F12,12,V1-A-TracingOnly,23,base,0,1,5,20271027,20371027,300000,589708.927301717,588508.927301717,42.439618,1896360.07212305,1169426.22326725,817312.911768983
F12,12,V1-B-EliteOnly,23,elite,1,0,5,20271027,20371027,300000,1189048.76059231,1187848.76059231,50.499546,3635891.05041654,1944210.15154958,1679609.92702643
F22,22,V1-A-TracingOnly,21,base,0,1,5,20271025,20371025,300000,5420.50681726034,3220.50681726034,44.8015477,3386.45033270489,3291.47814321911,3242.2356080248
F22,22,V1-B-EliteOnly,21,elite,1,0,5,20271025,20371025,300000,3805.44109389596,1605.44109389596,52.1149404,2033.99284653855,1708.62743366947,1619.36918398843
F22,22,V1-A-TracingOnly,22,base,0,1,5,20271026,20371026,300000,6670.97419156915,4470.97419156915,44.6065115,4614.44825827231,4511.96377741927,4490.84273041362
F22,22,V1-B-EliteOnly,22,elite,1,0,5,20271026,20371026,300000,2300.12164304741,100.121643047409,52.0901329,120.196700687571,115.594586419641,107.791159305077
F22,22,V1-A-TracingOnly,23,base,0,1,5,20271027,20371027,300000,6528.18062287373,4328.18062287373,39.0613157,4507.84834138334,4395.2219086754,4361.2338792404
F22,22,V1-B-EliteOnly,23,elite,1,0,5,20271027,20371027,300000,2300.17520350133,100.175203501333,46.0436185,119.441151108596,114.626276321037,111.785626936912
