Function,Algorithm,Runs,MeanError,StdError,MedianError,MinError,MeanSeconds,MeanError30FE,MeanError60FE,MeanParentCoverage,MeanConcentration,SeekingSuccessRate,MeanSeekingGlobalImprovements,MeanTracingGlobalImprovements,GlobalImprovementRoundShare,MeanDiversity
F03,DSS,3,5854.80267841608,2759.94715534784,4808.09845620576,3771.31455588244,53.1978112333333,21241.761734162,16667.2565211199,2,0.555555555555628,0.402604137726658,336.666666666667,5.33333333333333,0.00563427237872979,147.76712077846
F03,Global,3,13.613980921818,12.3050092109606,16.7902694242815,0.0322281563122715,48.3960710333333,8325.95463901331,78.5280719164516,2.02260376729455,0.550572008915143,0.30848474745791,476.333333333333,4.66666666666667,0.00796799466577763,149.432608219603
F03,Global-Cap2,3,13.8514795284099,9.14718285401233,11.2434429782115,6.29155042215814,45.5333289666667,1950.50678461954,565.571220124466,2.02107017836306,0.550873293697175,0.314850623252024,456,5.33333333333333,0.00766794465744291,148.037812112689
F05,DSS,3,197.061513137748,37.6717153030356,186.008034122766,166.153055580834,41.4439825666667,219.97619993165,197.880503037662,2,0.555555555555628,0.401444685225315,72.3333333333333,7.66666666666667,0.00132244262932711,135.969729185977
F05,Global,3,133.526582826568,27.5321589155371,142.20717998311,102.700340819664,39.5383645,220.836738537279,168.089649071414,2.03147191198533,0.548561797336672,0.32777870385805,114,6.33333333333333,0.00196143801744735,136.778410675982
F05,Global-Cap2,3,133.526582826568,27.5321589155371,142.20717998311,102.700340819664,39.6604635,220.836738537279,168.089649071414,2.03147191198533,0.548561797336672,0.32777870385805,114,6.33333333333333,0.00196143801744735,136.778410675982
F13,DSS,3,20546.6253784862,5114.04495282767,22558.3570922938,14732.6250170902,41.8192053333333,37330.2743045391,23621.3509632106,2,0.555555555555628,0.417467726102499,381.666666666667,8.33333333333333,0.00640106684447408,142.247197936678
F13,Global,3,9851.48988032872,3784.80846393355,8150.81834955707,7215.34283821641,40.2530737666667,31707.5001223153,10777.4608243297,2.01485247541257,0.552282170485279,0.31221314663555,442,13.3333333333333,0.0073901205756515,135.529436181977
F13,Global-Cap2,3,5278.29928307313,4922.81969228842,3084.84498217083,1833.47136998354,39.5586315,33471.5973342632,12892.8721566173,2.01449686058788,0.552334030980547,0.296923561334296,539.666666666667,15.3333333333333,0.00904039562149247,131.8278459429
F15,DSS,3,7264.08385098277,4852.29709690585,9220.06886609895,1739.07264078868,50.1442767666667,23933.7308218715,12760.701039272,2,0.555555555555628,0.426272897334741,635.333333333333,11.3333333333333,0.0106462188142468,140.159286868561
F15,Global,3,6802.09279848223,11353.7900778,261.209500060079,232.758871590602,48.8162053666667,9996.71266884831,8019.55573219906,2.0144857476246,0.552336500527941,0.274312385397566,570,5.33333333333333,0.00946824470745124,136.591277296783
F15,Global-Cap2,3,6802.09279848223,11353.7900778,261.209500060079,232.758871590602,53.5687233,9996.71266884831,8019.55573219906,2.0144857476246,0.552336500527941,0.274312385397566,570,5.33333333333333,0.00946824470745124,136.591277296783
F19,DSS,3,14720.5840650053,20750.6350324526,5323.80821090256,330.642916129993,67.8996097333333,17913.1340651,16746.7883312031,2,0.555555555555628,0.427704617436239,324.666666666667,9,0.00544535200311163,140.313863885542
F19,Global,3,6424.03454456994,5593.15254384857,4953.25575264662,1713.2360363475,65.0256561333333,9781.50497479233,8058.741647029,2.01539701061288,0.552146345378626,0.280400437109889,408.333333333333,3.33333333333333,0.00670667333444463,136.692579423687
F19,Global-Cap2,3,3666.60024019092,3092.25705610275,4953.25575264662,138.754864807702,63.2819281666667,6889.44029391663,5274.52012544357,2.01420236706118,0.55239947398648,0.292798799799967,441.333333333333,3.33333333333333,0.00723453908984831,139.921997723808
F30,DSS,3,13018.2428451951,5845.82378873545,15860.3599687711,6294.78544317901,54.3549886,31278.158438887,21221.0196888373,2,0.555555555555628,0.411012946602211,545.666666666667,55,0.00984608545868756,118.294515189545
F30,Global,3,23894.3740731029,14634.3293607588,28337.4225458985,7553.42753830862,50.3360515333333,52152.6613505373,34348.2050467076,2.01243540590098,0.552815592722319,0.260713822674149,534,7.66666666666667,0.00880702339278769,120.66904730427
F30,Global-Cap2,3,17438.1312458925,11999.1281695794,14100.7303309556,7461.0001237902,50.301845,36930.5576883032,22815.5203823609,2.01319108740346,0.552624202799307,0.260700857550332,476.666666666667,9.33333333333333,0.00789020392287604,120.519639188563
