Function,FunctionID,Algorithm,Run,InitSeed,SearchSeed,Dimension,InitialPopulation,MinPopulation,ArchiveRate,MemorySize,Evaluations,BestCost,BestError,Seconds,FinalPopulationSize
F01,1,L-SHADE-standard,101,20271105,20471105,100,1800,4,2.6,6,60000,23637539.4867336,23637439.4867336,1.9464242,4
F01,1,L-SHADE-standard,102,20271106,20471106,100,1800,4,2.6,6,60000,38066309.6855976,38066209.6855976,1.9412823,4
F01,1,L-SHADE-standard,103,20271107,20471107,100,1800,4,2.6,6,60000,35390460.5648767,35390360.5648767,1.9118042,4
F03,3,L-SHADE-standard,101,20271105,20471105,100,1800,4,2.6,6,60000,127382.350171488,127082.350171488,1.8800018,4
F03,3,L-SHADE-standard,102,20271106,20471106,100,1800,4,2.6,6,60000,165790.19365355,165490.19365355,1.7961079,4
F03,3,L-SHADE-standard,103,20271107,20471107,100,1800,4,2.6,6,60000,92304.361557088,92004.361557088,1.7955199,4
F04,4,L-SHADE-standard,101,20271105,20471105,100,1800,4,2.6,6,60000,681.667028620296,281.667028620296,1.853143,4
F04,4,L-SHADE-standard,102,20271106,20471106,100,1800,4,2.6,6,60000,693.569521764328,293.569521764328,1.8614457,4
F04,4,L-SHADE-standard,103,20271107,20471107,100,1800,4,2.6,6,60000,710.785839088309,310.785839088309,1.8309886,4
F05,5,L-SHADE-standard,101,20271105,20471105,100,1800,4,2.6,6,60000,1171.6136991449,671.613699144896,1.9958019,4
F05,5,L-SHADE-standard,102,20271106,20471106,100,1800,4,2.6,6,60000,1188.1091961998,688.109196199802,2.0015924,4
F05,5,L-SHADE-standard,103,20271107,20471107,100,1800,4,2.6,6,60000,1166.6380717243,666.638071724302,1.9971775,4
F06,6,L-SHADE-standard,101,20271105,20471105,100,1800,4,2.6,6,60000,603.04879331613,3.0487933161304,2.7252345,4
F06,6,L-SHADE-standard,102,20271106,20471106,100,1800,4,2.6,6,60000,602.602326845916,2.60232684591631,2.6904272,4
F06,6,L-SHADE-standard,103,20271107,20471107,100,1800,4,2.6,6,60000,602.633785234563,2.63378523456265,2.6935972,4
F07,7,L-SHADE-standard,101,20271105,20471105,100,1800,4,2.6,6,60000,1467.58966942989,767.589669429894,1.9963193,4
F07,7,L-SHADE-standard,102,20271106,20471106,100,1800,4,2.6,6,60000,1495.87683304018,795.876833040182,2.0670303,4
F07,7,L-SHADE-standard,103,20271107,20471107,100,1800,4,2.6,6,60000,1465.53871104619,765.538711046187,2.0753177,4
F08,8,L-SHADE-standard,101,20271105,20471105,100,1800,4,2.6,6,60000,1476.50541836886,676.505418368856,2.0576629,4
F08,8,L-SHADE-standard,102,20271106,20471106,100,1800,4,2.6,6,60000,1504.87946219714,704.879462197139,2.0613414,4
F08,8,L-SHADE-standard,103,20271107,20471107,100,1800,4,2.6,6,60000,1449.39760306706,649.397603067057,2.144354,4
F09,9,L-SHADE-standard,101,20271105,20471105,100,1800,4,2.6,6,60000,1031.82383012878,131.82383012878,2.0997411,4
F09,9,L-SHADE-standard,102,20271106,20471106,100,1800,4,2.6,6,60000,981.661763854033,81.6617638540333,2.1379664,4
F09,9,L-SHADE-standard,103,20271107,20471107,100,1800,4,2.6,6,60000,976.700685793714,76.7006857937139,2.0922888,4
F10,10,L-SHADE-standard,101,20271105,20471105,100,1800,4,2.6,6,60000,30689.4683059588,29689.4683059588,2.294933,4
F10,10,L-SHADE-standard,102,20271106,20471106,100,1800,4,2.6,6,60000,30480.5548916979,29480.5548916979,2.2662709,4
F10,10,L-SHADE-standard,103,20271107,20471107,100,1800,4,2.6,6,60000,25632.8111232501,24632.8111232501,2.3186364,4
F11,11,L-SHADE-standard,101,20271105,20471105,100,1800,4,2.6,6,60000,3335.91724964163,2235.91724964163,2.0268455,4
F11,11,L-SHADE-standard,102,20271106,20471106,100,1800,4,2.6,6,60000,5038.68598851847,3938.68598851847,1.8843784,4
F11,11,L-SHADE-standard,103,20271107,20471107,100,1800,4,2.6,6,60000,4127.81786221494,3027.81786221494,1.8682324,4
F12,12,L-SHADE-standard,101,20271105,20471105,100,1800,4,2.6,6,60000,46003384.1684448,46002184.1684448,2.0485787,4
F12,12,L-SHADE-standard,102,20271106,20471106,100,1800,4,2.6,6,60000,30077997.3664853,30076797.3664853,2.0301042,4
F12,12,L-SHADE-standard,103,20271107,20471107,100,1800,4,2.6,6,60000,32784824.6219854,32783624.6219854,2.0307901,4
F13,13,L-SHADE-standard,101,20271105,20471105,100,1800,4,2.6,6,60000,29397.4280111476,28097.4280111476,1.8997229,4
F13,13,L-SHADE-standard,102,20271106,20471106,100,1800,4,2.6,6,60000,44034.5706105089,42734.5706105089,1.9159445,4
F13,13,L-SHADE-standard,103,20271107,20471107,100,1800,4,2.6,6,60000,38092.0055069534,36792.0055069534,1.9273342,4
F14,14,L-SHADE-standard,101,20271105,20471105,100,1800,4,2.6,6,60000,17447.6283343915,16047.6283343915,2.1561106,4
F14,14,L-SHADE-standard,102,20271106,20471106,100,1800,4,2.6,6,60000,24945.0572267971,23545.0572267971,2.1261006,4
F14,14,L-SHADE-standard,103,20271107,20471107,100,1800,4,2.6,6,60000,8880.80649930592,7480.80649930592,2.1523777,4
F15,15,L-SHADE-standard,101,20271105,20471105,100,1800,4,2.6,6,60000,18606.5556855468,17106.5556855468,1.8480658,4
F15,15,L-SHADE-standard,102,20271106,20471106,100,1800,4,2.6,6,60000,23273.2164511526,21773.2164511526,1.8617782,4
F15,15,L-SHADE-standard,103,20271107,20471107,100,1800,4,2.6,6,60000,20417.527357175,18917.527357175,1.856122,4
F16,16,L-SHADE-standard,101,20271105,20471105,100,1800,4,2.6,6,60000,8376.82433861737,6776.82433861737,1.9627978,4
F16,16,L-SHADE-standard,102,20271106,20471106,100,1800,4,2.6,6,60000,8804.62134906284,7204.62134906284,1.9594758,4
F16,16,L-SHADE-standard,103,20271107,20471107,100,1800,4,2.6,6,60000,7980.9646065299,6380.9646065299,1.94422,4
F17,17,L-SHADE-standard,101,20271105,20471105,100,1800,4,2.6,6,60000,6222.32075166295,4522.32075166295,2.3944537,4
F17,17,L-SHADE-standard,102,20271106,20471106,100,1800,4,2.6,6,60000,6313.98439838749,4613.98439838749,2.3946701,4
F17,17,L-SHADE-standard,103,20271107,20471107,100,1800,4,2.6,6,60000,5999.98411733926,4299.98411733926,2.3629154,4
F18,18,L-SHADE-standard,101,20271105,20471105,100,1800,4,2.6,6,60000,109975.128108185,108175.128108185,1.9482784,4
F18,18,L-SHADE-standard,102,20271106,20471106,100,1800,4,2.6,6,60000,104720.588724239,102920.588724239,1.9640224,4
F18,18,L-SHADE-standard,103,20271107,20471107,100,1800,4,2.6,6,60000,88287.8436639483,86487.8436639483,1.9837656,4
F19,19,L-SHADE-standard,101,20271105,20471105,100,1800,4,2.6,6,60000,118432.005692284,116532.005692284,5.2481884,4
F19,19,L-SHADE-standard,102,20271106,20471106,100,1800,4,2.6,6,60000,35180.7121558058,33280.7121558058,5.2548698,4
F19,19,L-SHADE-standard,103,20271107,20471107,100,1800,4,2.6,6,60000,25026.4364271531,23126.4364271531,5.2353336,4
F20,20,L-SHADE-standard,101,20271105,20471105,100,1800,4,2.6,6,60000,6261.51987638128,4261.51987638128,2.6437263,4
F20,20,L-SHADE-standard,102,20271106,20471106,100,1800,4,2.6,6,60000,6786.2733366837,4786.2733366837,2.6068664,4
F20,20,L-SHADE-standard,103,20271107,20471107,100,1800,4,2.6,6,60000,6425.65514914323,4425.65514914323,2.5113304,4
F21,21,L-SHADE-standard,101,20271105,20471105,100,1800,4,2.6,6,60000,3037.34242321931,937.342423219309,4.9337778,4
F21,21,L-SHADE-standard,102,20271106,20471106,100,1800,4,2.6,6,60000,3018.84291404753,918.842914047528,4.9350183,4
F21,21,L-SHADE-standard,103,20271107,20471107,100,1800,4,2.6,6,60000,2935.16639970819,835.166399708191,4.8878538,4
F22,22,L-SHADE-standard,101,20271105,20471105,100,1800,4,2.6,6,60000,30854.3672976299,28654.3672976299,5.1513541,4
F22,22,L-SHADE-standard,102,20271106,20471106,100,1800,4,2.6,6,60000,27347.9531937235,25147.9531937235,5.1838313,4
F22,22,L-SHADE-standard,103,20271107,20471107,100,1800,4,2.6,6,60000,32564.0296898063,30364.0296898063,5.1977884,4
F23,23,L-SHADE-standard,101,20271105,20471105,100,1800,4,2.6,6,60000,3551.05025759597,1251.05025759597,6.4471759,4
F23,23,L-SHADE-standard,102,20271106,20471106,100,1800,4,2.6,6,60000,3570.21415106793,1270.21415106793,6.4526658,4
F23,23,L-SHADE-standard,103,20271107,20471107,100,1800,4,2.6,6,60000,3532.95878675124,1232.95878675124,6.4787869,4
F24,24,L-SHADE-standard,101,20271105,20471105,100,1800,4,2.6,6,60000,4026.40926640417,1626.40926640417,6.653973,4
F24,24,L-SHADE-standard,102,20271106,20471106,100,1800,4,2.6,6,60000,3962.75357430054,1562.75357430054,6.6388437,4
F24,24,L-SHADE-standard,103,20271107,20471107,100,1800,4,2.6,6,60000,3983.53086200422,1583.53086200422,6.677653,4
F25,25,L-SHADE-standard,101,20271105,20471105,100,1800,4,2.6,6,60000,3437.94854475971,937.948544759713,7.4578103,4
F25,25,L-SHADE-standard,102,20271106,20471106,100,1800,4,2.6,6,60000,3497.85564347944,997.855643479438,7.4569179,4
F25,25,L-SHADE-standard,103,20271107,20471107,100,1800,4,2.6,6,60000,3421.99814487617,921.998144876165,7.4261219,4
F26,26,L-SHADE-standard,101,20271105,20471105,100,1800,4,2.6,6,60000,12798.3557566282,10198.3557566282,7.9976021,4
F26,26,L-SHADE-standard,102,20271106,20471106,100,1800,4,2.6,6,60000,13208.6792708001,10608.6792708001,8.0419595,4
F26,26,L-SHADE-standard,103,20271107,20471107,100,1800,4,2.6,6,60000,12416.1053406341,9816.10534063408,8.0342757,4
F27,27,L-SHADE-standard,101,20271105,20471105,100,1800,4,2.6,6,60000,3432.07553039089,732.075530390894,9.4283877,4
F27,27,L-SHADE-standard,102,20271106,20471106,100,1800,4,2.6,6,60000,3408.14947630352,708.149476303523,9.5097811,4
F27,27,L-SHADE-standard,103,20271107,20471107,100,1800,4,2.6,6,60000,3408.56523693227,708.56523693227,9.5308036,4
F28,28,L-SHADE-standard,101,20271105,20471105,100,1800,4,2.6,6,60000,3548.7359678425,748.735967842497,9.0342362,4
F28,28,L-SHADE-standard,102,20271106,20471106,100,1800,4,2.6,6,60000,3518.75092165226,718.75092165226,9.0355529,4
F28,28,L-SHADE-standard,103,20271107,20471107,100,1800,4,2.6,6,60000,3512.99857926031,712.998579260315,8.9564001,4
F29,29,L-SHADE-standard,101,20271105,20471105,100,1800,4,2.6,6,60000,7808.97104182519,4908.97104182519,5.2936874,4
F29,29,L-SHADE-standard,102,20271106,20471106,100,1800,4,2.6,6,60000,7034.32220868858,4134.32220868858,5.2566492,4
F29,29,L-SHADE-standard,103,20271107,20471107,100,1800,4,2.6,6,60000,7448.60239104209,4548.60239104209,5.2922913,4
F30,30,L-SHADE-standard,101,20271105,20471105,100,1800,4,2.6,6,60000,457613.846955231,454613.846955231,8.1192614,4
F30,30,L-SHADE-standard,102,20271106,20471106,100,1800,4,2.6,6,60000,502002.655724765,499002.655724765,8.1323623,4
F30,30,L-SHADE-standard,103,20271107,20471107,100,1800,4,2.6,6,60000,948720.384928942,945720.384928942,8.1458908,4
