FunctionID,Best,CLPSO,CSO,DSS-Range,Global-Cap2-Range
1,CLPSO,32.85392623649181,16306281442.754599,190372.3747207124,163586.41540252155
3,Global-Cap2-Range,19222.9344967385,54707.685991710285,4378.426759848435,3798.3187390972225
4,Global-Cap2-Range,85.34138364440696,754.0861293276712,86.58364816841583,73.57118777518956
5,CLPSO,62.17102584134392,283.9755583623732,230.6131236175658,188.2522625774458
6,CLPSO,2.0337397472758308e-06,57.342849979590014,51.29822433518782,53.86873689750736
7,CLPSO,109.87343955595092,727.1615450339971,495.8785984376982,520.4322169937261
8,CLPSO,78.8133292827235,309.3416871834156,166.6213999264238,160.27882087196298
9,CLPSO,54.06357449473546,6312.68078085612,6149.389828402562,5838.393623580441
10,CLPSO,3464.82980669699,6876.758847683314,4214.6969185862135,3830.218958058914
11,CLPSO,72.5775311036469,2259.964968357762,238.4513089200666,170.9383101272669
12,Global-Cap2-Range,769203.5175264098,904961734.5982367,545681.2213944014,169787.61027858095
13,CLPSO,3404.220139643136,253201137.74211818,37901.48345390371,34110.290603974354
14,DSS-Range,39475.46323279565,166632.14494136788,7972.989435178878,8870.949440330747
15,CLPSO,209.896293052366,55926419.84652082,13457.751914127566,10894.328093637803
16,CLPSO,462.79832388787946,1884.388526645954,753.8198538360369,814.0484196042183
17,CLPSO,169.3388787162428,781.3240749744757,359.343759953134,501.39335206075776
18,Global-Cap2-Range,160983.0159634298,2567123.486396921,231133.3552549826,75006.66549070357
19,CLPSO,89.39320760192149,100019529.31868431,9792.205644901172,2533.844634676332
20,CLPSO,194.03090246590077,859.2439327951606,416.09324615782015,556.4630575769121
21,CLPSO,259.86522462032065,508.339493947013,351.4230644208928,321.04671181852484
22,CLPSO,301.8912738960594,6721.740271141884,4193.818295714076,4323.875061529012
23,CLPSO,433.25621766046396,672.5917253027466,565.0575375274162,545.8707859898036
24,CLPSO,530.5465355396316,707.0438385379545,663.2012730720794,656.5126691120411
25,Global-Cap2-Range,387.6689425549424,1223.3226579241807,388.1715300404632,387.0459983447146
26,CLPSO,1344.0822745634982,4135.799807812646,2792.451163910226,3108.996905904746
27,CLPSO,512.404962943704,580.2051533842606,541.2578953785785,521.5179004637688
28,Global-Cap2-Range,445.074934865114,1115.242455141994,384.0855754259216,356.3552379028324
29,CLPSO,605.6301226127783,1460.9864941736,850.9236223167403,877.9898480173582
30,CLPSO,12939.139980338252,60537567.223307036,15423.519004283484,13240.289485131783
