Function,FunctionID,Algorithm,Run,InitSeed,SearchSeed,Evaluations,BestCost,BestError,Seconds,GeneratedTracingCatShare,SelectedTracingCatShare,TracingSelectionRatio,TracingFEShare,TargetTracingFEShare,TargetSeekingFEShare,ActualTracingFEShare,ActualSeekingFEShare,BudgetFillRate,ModeAllocationError,TraceFreeRoundRate,BalancedModeRate,ExplorationRate,GreedyAvailableRate,GreedyA1Share,GreedyA2Share,GreedyA3Share,GreedyA4Share,Action1Share,Action2Share,Action3Share,Action4Share
F03,3,V3.2,1,20271005,20371005,300000,301.305654193542,1.3056541935419,33.1854588,0.38311285214202,0.492379285436454,1.28520691144532,0.383820636772795,0.383820636772795,0.616179363227205,0.383820636772795,0.616179363227205,1,0,0,0.290298383063844,0.27581263543924,0.72418736456076,0.0178390571770555,0.000575453457324372,0.00267010404198508,0.978915385323635,0.0818636439406568,0.0693782297049508,0.0703450575095849,0.778413068844807
F03,3,V3.2,2,20271006,20371006,300000,301.98085579093,1.98085579093026,33.0089887,0.386119019836634,0.494205978774234,1.27993171375844,0.385650941823637,0.385650941823637,0.614349058176363,0.385650941823637,0.614349058176363,1,0,0,0.292082013668945,0.27581263543924,0.72418736456076,0.0106573980296474,0.00223275941441856,0.00582358898812264,0.981286253567811,0.0755792632105351,0.0701283547257876,0.0739623270545091,0.780330055009168
F03,3,V3.2,3,20271007,20371007,300000,301.151769978793,1.15176997879297,33.5790718,0.384211035172525,0.492712674334605,1.28240115256804,0.384247374562427,0.384247374562427,0.615752625437573,0.384247374562427,0.615752625437573,1,0,1.66694449074846e-05,0.29224870811802,0.276679446574429,0.723320553425571,0.0108545353982301,0.00251198377581121,0.00182061209439528,0.984812868731563,0.0769628271378563,0.071895315885981,0.0701116852808801,0.781030171695283
F05,5,V3.2,1,20271005,20371005,300000,624.378233823104,124.378233823104,33.2591133,0.385125854309048,0.493689225982101,1.28189063512193,0.385450908484747,0.385450908484747,0.614549091515252,0.385450908484747,0.614549091515252,1,0,0,0.290481746957826,0.272862143690615,0.727137856309385,0.0084363036152312,0.00096283899956443,0.00220077485614727,0.988400082529057,0.0739623270545091,0.0685447574595766,0.069761626937823,0.787731288548091
F05,5,V3.2,2,20271006,20371006,300000,636.3381491807,136.3381491807,30.0704462,0.384838139689944,0.492954381285763,1.28093951832042,0.384590765127521,0.384590765127521,0.615409234872479,0.384590765127521,0.615409234872479,1,0,0,0.281946991165194,0.273712285380897,0.726287714619103,0.010144594904751,0.00245581822354831,0.00114757860913473,0.986252008262566,0.0757792965494249,0.0708118019669945,0.0695449241540257,0.783863977329555
F05,5,V3.2,3,20271007,20371007,300000,758.698932782547,258.698932782547,30.1518663,0.38467144524087,0.493341945879861,1.28250212482225,0.384820803467245,0.384820803467245,0.615179196532756,0.384820803467245,0.615179196532756,1,0,1.66694449074846e-05,0.286981163527255,0.277362893815636,0.722637106184364,0.0123641899840834,0.000692025558810639,0.00262969712348043,0.984314087333626,0.0781463577262877,0.0696616102683781,0.071928654775796,0.780263377229538
F13,13,V3.2,1,20271005,20371005,300000,89105.2515644164,87805.2515644164,30.2740782,0.384552092015332,0.493262766016552,1.28269427278759,0.385054175695949,0.385054175695949,0.614945824304051,0.385054175695949,0.614945824304051,1,0,0,0.285114185697616,0.274579096516086,0.725420903483914,0.00813456500758307,0.000597453927110621,0.000942138885059056,0.990325842180247,0.0744457409568261,0.0688948158026338,0.0686114352392065,0.788048008001334
F13,13,V3.2,2,20271006,20371006,300000,83063.1219764998,81763.1219764998,30.2539445,0.384549091515248,0.492866866699998,1.28167476552329,0.384394065677613,0.384394065677613,0.615605934322387,0.384394065677613,0.615605934322387,1,0,0,0.291331888648108,0.276112685447575,0.723887314552425,0.0123198084097085,0.00133560539768802,0.000921107170819325,0.985423479021784,0.0775295882647108,0.0709618269711619,0.0704617436239373,0.78104684114019
F13,13,V3.2,3,20271007,20371007,300000,234868.365476746,233568.365476746,30.1311493,0.384844474079008,0.493360004445179,1.2819724269807,0.385014169028171,0.385014169028171,0.614985830971829,0.385014169028171,0.614985830971829,1,0,0,0.289648274712452,0.277229538256376,0.722770461743624,0.00975576004981665,0.00043820198805323,0.00131460596415969,0.98849143199797,0.076229371561927,0.0688781463577263,0.0701783630605101,0.784714119019837
F15,15,V3.2,1,20271005,20371005,300000,89174.2418636152,87674.2418636152,30.0729882,0.384373395565924,0.493198866477739,1.28312435815592,0.384837472912152,0.384837472912152,0.615162527087848,0.384837472912152,0.615162527087848,1,0,0,0.276912818803134,0.274612435405901,0.725387564594099,0.0105478444709992,0.00105708245243129,0.00153966357201949,0.98685540950455,0.076746124354059,0.0690781796966161,0.0700116686114352,0.78416402733789
F15,15,V3.2,2,20271006,20371006,300000,25949.6732386104,24449.6732386104,30.2447481,0.386098683113847,0.494443518364166,1.28061436101395,0.386114352392065,0.386114352392065,0.613885647607935,0.386114352392065,0.613885647607935,1,0,0,0.270761793632272,0.275462577096183,0.724537422903817,0.00513056482227079,0.000713217531347061,0.00294489819394915,0.991211319452433,0.0721786964494082,0.0694282380396733,0.0721786964494082,0.78621436906151
F15,15,V3.2,3,20271007,20371007,300000,20492.0509161096,18992.0509161096,30.1029257,0.384410068344719,0.492868255820409,1.2821419010764,0.384560760126688,0.384560760126688,0.615439239873312,0.384560760126688,0.615439239873312,1,0,0,0.277112852142024,0.275779296549425,0.724220703450575,0.0102886341665516,0.000667495281498872,0.000736546517515997,0.988307324034434,0.076746124354059,0.0692615435905984,0.0688114685780963,0.785180863477246
F19,19,V3.2,1,20271005,20371005,300000,631182.555952964,629282.555952964,35.513582,0.384215369228201,0.492966883369443,1.28304831834213,0.384550758459743,0.384550758459743,0.615449241540257,0.384550758459743,0.615449241540257,1,0,0,0.278513085514252,0.274245707617936,0.725754292382064,0.0145619918232349,0.00153888557122514,0.00225090725343378,0.981648215352106,0.0776629438239707,0.0696782797132856,0.0700950158359727,0.782563760626771
F19,19,V3.2,2,20271006,20371006,300000,424402.596244382,422502.596244382,35.6326194,0.384951825304214,0.493390565094176,1.28169431253967,0.384894149024837,0.384894149024837,0.615105850975163,0.384894149024837,0.615105850975163,1,0,0,0.282163693948991,0.274329054842474,0.725670945157526,0.0115085107849218,0.00192957067052581,0.00303218248225484,0.983529736062298,0.0765460910151692,0.0707284547424571,0.0717452908818136,0.78098016336056
F19,19,V3.2,3,20271007,20371007,300000,628806.769771168,626906.769771168,35.9542055,0.382065677612933,0.491338834250143,1.28600621055502,0.382440406734456,0.382440406734456,0.617559593265544,0.382440406734456,0.617559593265544,1,0,0,0.281630271711952,0.27601266877813,0.72398733122187,0.0243368944557009,0.00416743414993553,0.00412138515380365,0.96737428624056,0.0871478579763294,0.0723120520086681,0.0716619436572762,0.768878146357726
F30,30,V3.2,1,20271005,20371005,300000,1001667.21372928,998667.213729283,37.3878456,0.384368061343554,0.493172473189969,1.28307349852662,0.384870811801967,0.384870811801967,0.615129188198033,0.384870811801967,0.615129188198033,1,0,0,0.287397899649942,0.274312385397566,0.725687614602434,0.0107731887719943,0.000321587724537143,0.00133229200165388,0.987572931501815,0.0764127354559093,0.068594765794299,0.0693615602600433,0.785630938489748
F30,30,V3.2,2,20271006,20371006,300000,1633002.42707237,1630002.42707237,32.4418353,0.38346424404067,0.491518030782899,1.28178321296306,0.382857142857143,0.382857142857143,0.617142857142857,0.382857142857143,0.617142857142857,1,0,1.66694449074846e-05,0.282047007834639,0.275029171528588,0.724970828471412,0.0189924352164816,0.0042077671242326,0.00103469683382769,0.975765100825458,0.0829304884147358,0.072445407567928,0.0696782797132856,0.774945824304051
F30,30,V3.2,3,20271007,20371007,300000,1548859.14819979,1545859.14819979,32.4687227,0.381196866144354,0.490231705284203,1.2860328843799,0.381453575595933,0.381453575595933,0.618546424404067,0.381453575595933,0.618546424404067,1,0,0,0.286197699616603,0.276296049341557,0.723703950658443,0.0301048024876195,0.00158931244961419,0.000276402165150294,0.968029482897616,0.0910151691948658,0.0699616602767128,0.0682447074512419,0.77077846307718
