FunctionID,Algorithm,Run,FE,BestError
3,D3-globalCap1,141,3000,127697.47797201
3,D3-globalCap1,141,6000,116147.189173091
3,D3-globalCap1,141,9000,103161.483985107
3,D3-globalCap1,141,12000,87075.6051675802
3,D3-globalCap1,141,15000,84146.7298329701
3,D3-globalCap1,141,18000,76532.1428112672
3,D3-globalCap1,141,21000,66117.5592094916
3,D3-globalCap1,141,24000,58737.4575495323
3,D3-globalCap1,141,27000,53618.3373410806
3,D3-globalCap1,141,30000,44321.4381092444
3,D3-globalCap1,141,33000,44321.4381092444
3,D3-globalCap1,141,36000,41407.7048061091
3,D3-globalCap1,141,39000,37359.5685373871
3,D3-globalCap1,141,42000,29893.648702738
3,D3-globalCap1,141,45000,27072.0169404232
3,D3-globalCap1,141,48000,24511.7132681436
3,D3-globalCap1,141,51000,23130.6744470349
3,D3-globalCap1,141,54000,20396.8740664885
3,D3-globalCap1,141,57000,17589.4565777347
3,D3-globalCap1,141,60000,13083.1480131483
3,D3-globalCap2,141,3000,155741.081369603
3,D3-globalCap2,141,6000,116449.032836502
3,D3-globalCap2,141,9000,75754.1904790708
3,D3-globalCap2,141,12000,56971.5519335522
3,D3-globalCap2,141,15000,48197.5835904514
3,D3-globalCap2,141,18000,43532.7276808367
3,D3-globalCap2,141,21000,28741.2591203793
3,D3-globalCap2,141,24000,27167.9820484257
3,D3-globalCap2,141,27000,24465.4843513144
3,D3-globalCap2,141,30000,21122.281740903
3,D3-globalCap2,141,33000,20642.2754140758
3,D3-globalCap2,141,36000,18019.0163320105
3,D3-globalCap2,141,39000,13169.7235416983
3,D3-globalCap2,141,42000,9397.38503175756
3,D3-globalCap2,141,45000,7996.88248979582
3,D3-globalCap2,141,48000,6973.51437084052
3,D3-globalCap2,141,51000,6224.40346651398
3,D3-globalCap2,141,54000,5282.80810040214
3,D3-globalCap2,141,57000,4724.49782998228
3,D3-globalCap2,141,60000,3171.02697535971
3,D3-globalCap1,142,3000,125532.305366924
3,D3-globalCap1,142,6000,89275.0724268148
3,D3-globalCap1,142,9000,73240.5182032947
3,D3-globalCap1,142,12000,52926.9124260825
3,D3-globalCap1,142,15000,45479.7455228792
3,D3-globalCap1,142,18000,39935.5315124618
3,D3-globalCap1,142,21000,33750.301296717
3,D3-globalCap1,142,24000,30727.136514481
3,D3-globalCap1,142,27000,24012.9527679184
3,D3-globalCap1,142,30000,23665.6010185864
3,D3-globalCap1,142,33000,22554.7382286804
3,D3-globalCap1,142,36000,19359.9608874945
3,D3-globalCap1,142,39000,13678.0402899622
3,D3-globalCap1,142,42000,13206.3071938544
3,D3-globalCap1,142,45000,11426.0855675155
3,D3-globalCap1,142,48000,9808.12624519021
3,D3-globalCap1,142,51000,8556.18105351628
3,D3-globalCap1,142,54000,6698.86858890703
3,D3-globalCap1,142,57000,3818.61993756961
3,D3-globalCap1,142,60000,3206.81627690165
3,D3-globalCap2,142,3000,80597.4819633044
3,D3-globalCap2,142,6000,50009.4087256719
3,D3-globalCap2,142,9000,45020.1493361854
3,D3-globalCap2,142,12000,44831.2332550888
3,D3-globalCap2,142,15000,35178.1764442417
3,D3-globalCap2,142,18000,34596.5137158399
3,D3-globalCap2,142,21000,32483.6299408078
3,D3-globalCap2,142,24000,31287.6961177055
3,D3-globalCap2,142,27000,28719.4896137018
3,D3-globalCap2,142,30000,26199.9018948666
3,D3-globalCap2,142,33000,25693.2029177818
3,D3-globalCap2,142,36000,21602.0039848136
3,D3-globalCap2,142,39000,19884.0731476792
3,D3-globalCap2,142,42000,18889.4721608941
3,D3-globalCap2,142,45000,15334.1028917467
3,D3-globalCap2,142,48000,11199.146985645
3,D3-globalCap2,142,51000,9649.70174017164
3,D3-globalCap2,142,54000,8785.88092928436
3,D3-globalCap2,142,57000,7942.25911824772
3,D3-globalCap2,142,60000,6005.98960014384
3,D3-globalCap1,143,3000,127821.453052113
3,D3-globalCap1,143,6000,106468.90072955
3,D3-globalCap1,143,9000,79705.9658943233
3,D3-globalCap1,143,12000,72729.1325206854
3,D3-globalCap1,143,15000,67655.7720663724
3,D3-globalCap1,143,18000,61220.6404166454
3,D3-globalCap1,143,21000,44158.809879768
3,D3-globalCap1,143,24000,42593.6251764602
3,D3-globalCap1,143,27000,36535.0898153777
3,D3-globalCap1,143,30000,27064.667626108
3,D3-globalCap1,143,33000,26653.4858111505
3,D3-globalCap1,143,36000,24683.0068251043
3,D3-globalCap1,143,39000,23626.2001194528
3,D3-globalCap1,143,42000,21831.8805636103
3,D3-globalCap1,143,45000,16954.1935781365
3,D3-globalCap1,143,48000,12390.6746441283
3,D3-globalCap1,143,51000,12070.6429799911
3,D3-globalCap1,143,54000,9222.18607812621
3,D3-globalCap1,143,57000,7742.22444897189
3,D3-globalCap1,143,60000,5483.14941821407
3,D3-globalCap2,143,3000,94081.6845091036
3,D3-globalCap2,143,6000,71050.3926554095
3,D3-globalCap2,143,9000,45396.5603225614
3,D3-globalCap2,143,12000,41963.0042709997
3,D3-globalCap2,143,15000,40430.5532479434
3,D3-globalCap2,143,18000,38311.8801894506
3,D3-globalCap2,143,21000,35783.2889209459
3,D3-globalCap2,143,24000,30848.611206192
3,D3-globalCap2,143,27000,28054.9713343106
3,D3-globalCap2,143,30000,26136.8539121247
3,D3-globalCap2,143,33000,24145.8804715526
3,D3-globalCap2,143,36000,19292.2133830239
3,D3-globalCap2,143,39000,18622.929014157
3,D3-globalCap2,143,42000,18325.5808884179
3,D3-globalCap2,143,45000,16458.1330564393
3,D3-globalCap2,143,48000,14272.2747810003
3,D3-globalCap2,143,51000,12193.9728780079
3,D3-globalCap2,143,54000,10682.3137689781
3,D3-globalCap2,143,57000,8326.48610079632
3,D3-globalCap2,143,60000,6828.88723581745
3,D3-globalCap1,144,3000,139548.939995338
3,D3-globalCap1,144,6000,120886.082631636
3,D3-globalCap1,144,9000,95439.2642432969
3,D3-globalCap1,144,12000,92729.1411160066
3,D3-globalCap1,144,15000,46912.3369043244
3,D3-globalCap1,144,18000,34199.4385406447
3,D3-globalCap1,144,21000,28086.0766748533
3,D3-globalCap1,144,24000,26221.3236337791
3,D3-globalCap1,144,27000,25597.5949371453
3,D3-globalCap1,144,30000,23874.5105947688
3,D3-globalCap1,144,33000,20931.0537751222
3,D3-globalCap1,144,36000,18047.9405129684
3,D3-globalCap1,144,39000,15568.2885980523
3,D3-globalCap1,144,42000,15211.1339807594
3,D3-globalCap1,144,45000,14032.4173011413
3,D3-globalCap1,144,48000,10835.5044684937
3,D3-globalCap1,144,51000,9633.80269542758
3,D3-globalCap1,144,54000,8160.3703306185
3,D3-globalCap1,144,57000,6695.64141535274
3,D3-globalCap1,144,60000,4917.75357239644
3,D3-globalCap2,144,3000,114109.147697084
3,D3-globalCap2,144,6000,100696.075478263
3,D3-globalCap2,144,9000,85519.0926266835
3,D3-globalCap2,144,12000,74122.8275567272
3,D3-globalCap2,144,15000,46643.0509241145
3,D3-globalCap2,144,18000,44540.8690330158
3,D3-globalCap2,144,21000,24002.2006799926
3,D3-globalCap2,144,24000,24002.2006799926
3,D3-globalCap2,144,27000,22752.4135628356
3,D3-globalCap2,144,30000,18924.7596392668
3,D3-globalCap2,144,33000,18522.8125321573
3,D3-globalCap2,144,36000,16587.0684178035
3,D3-globalCap2,144,39000,14976.8636707357
3,D3-globalCap2,144,42000,12213.7078162319
3,D3-globalCap2,144,45000,11294.7946323568
3,D3-globalCap2,144,48000,8419.71896334704
3,D3-globalCap2,144,51000,6984.86242158968
3,D3-globalCap2,144,54000,6320.57944713383
3,D3-globalCap2,144,57000,5691.09053291791
3,D3-globalCap2,144,60000,4346.6397349852
3,D3-globalCap1,145,3000,73356.8664861829
3,D3-globalCap1,145,6000,64066.2960933904
3,D3-globalCap1,145,9000,50350.0730879567
3,D3-globalCap1,145,12000,49314.3809335466
3,D3-globalCap1,145,15000,48254.7867694011
3,D3-globalCap1,145,18000,42690.8095489245
3,D3-globalCap1,145,21000,39777.077241322
3,D3-globalCap1,145,24000,31579.1233563325
3,D3-globalCap1,145,27000,30345.668428956
3,D3-globalCap1,145,30000,25700.0465471386
3,D3-globalCap1,145,33000,24663.6368690647
3,D3-globalCap1,145,36000,19567.5723728467
3,D3-globalCap1,145,39000,19554.6509953933
3,D3-globalCap1,145,42000,16892.4468519247
3,D3-globalCap1,145,45000,11972.0047395529
3,D3-globalCap1,145,48000,10134.9606201414
3,D3-globalCap1,145,51000,9272.62899916516
3,D3-globalCap1,145,54000,7754.16279314631
3,D3-globalCap1,145,57000,6051.62297335083
3,D3-globalCap1,145,60000,5228.24311493105
3,D3-globalCap2,145,3000,190725.62415556
3,D3-globalCap2,145,6000,155158.716072772
3,D3-globalCap2,145,9000,115039.978335181
3,D3-globalCap2,145,12000,105126.247641516
3,D3-globalCap2,145,15000,96741.06333217
3,D3-globalCap2,145,18000,76726.3180958207
3,D3-globalCap2,145,21000,69513.2034628957
3,D3-globalCap2,145,24000,62174.3184256014
3,D3-globalCap2,145,27000,47237.3441611694
3,D3-globalCap2,145,30000,39260.38267509
3,D3-globalCap2,145,33000,35969.2830684205
3,D3-globalCap2,145,36000,26672.5667432283
3,D3-globalCap2,145,39000,25187.2308245251
3,D3-globalCap2,145,42000,24392.0205504955
3,D3-globalCap2,145,45000,21754.7284008067
3,D3-globalCap2,145,48000,20128.289279115
3,D3-globalCap2,145,51000,17737.7922478304
3,D3-globalCap2,145,54000,13112.1782150036
3,D3-globalCap2,145,57000,11576.9687963988
3,D3-globalCap2,145,60000,8344.1496484176
6,D3-globalCap1,141,3000,58.305297101918
6,D3-globalCap1,141,6000,49.3576137573596
6,D3-globalCap1,141,9000,46.0773411453049
6,D3-globalCap1,141,12000,31.3715339789816
6,D3-globalCap1,141,15000,22.0973201417651
6,D3-globalCap1,141,18000,18.1065370700046
6,D3-globalCap1,141,21000,9.9105267500405
6,D3-globalCap1,141,24000,7.00056722637066
6,D3-globalCap1,141,27000,5.08950865137547
6,D3-globalCap1,141,30000,4.01145465063507
6,D3-globalCap1,141,33000,3.44502916350496
6,D3-globalCap1,141,36000,3.23009518882475
6,D3-globalCap1,141,39000,2.60402648668082
6,D3-globalCap1,141,42000,2.01561629122307
6,D3-globalCap1,141,45000,1.68800821571642
6,D3-globalCap1,141,48000,1.46775215323885
6,D3-globalCap1,141,51000,1.36488256305699
6,D3-globalCap1,141,54000,1.01408546735809
6,D3-globalCap1,141,57000,0.76362838527416
6,D3-globalCap1,141,60000,0.530266195849777
6,D3-globalCap2,141,3000,58.3333032750546
6,D3-globalCap2,141,6000,44.079792217763
6,D3-globalCap2,141,9000,28.6498671563804
6,D3-globalCap2,141,12000,24.9422104570859
6,D3-globalCap2,141,15000,24.9422104570859
6,D3-globalCap2,141,18000,24.1740033017634
6,D3-globalCap2,141,21000,22.5611364048681
6,D3-globalCap2,141,24000,20.1848893147259
6,D3-globalCap2,141,27000,19.290398084827
6,D3-globalCap2,141,30000,11.3200916700941
6,D3-globalCap2,141,33000,8.6385985809178
6,D3-globalCap2,141,36000,6.69551833240223
6,D3-globalCap2,141,39000,4.40978593518264
6,D3-globalCap2,141,42000,3.78747689268414
6,D3-globalCap2,141,45000,2.98811128524221
6,D3-globalCap2,141,48000,1.74459787436217
6,D3-globalCap2,141,51000,0.662498254885804
6,D3-globalCap2,141,54000,0.397965451690879
6,D3-globalCap2,141,57000,0.250352742842665
6,D3-globalCap2,141,60000,0.144714186015904
6,D3-globalCap1,142,3000,55.2432805124485
6,D3-globalCap1,142,6000,34.5496812853308
6,D3-globalCap1,142,9000,29.8100024490141
6,D3-globalCap1,142,12000,26.9113390573192
6,D3-globalCap1,142,15000,25.3793835614757
6,D3-globalCap1,142,18000,22.4613207406509
6,D3-globalCap1,142,21000,20.3237919438745
6,D3-globalCap1,142,24000,10.9245405879458
6,D3-globalCap1,142,27000,8.15962503807339
6,D3-globalCap1,142,30000,6.15756640937298
6,D3-globalCap1,142,33000,5.37539551224984
6,D3-globalCap1,142,36000,4.35266935064283
6,D3-globalCap1,142,39000,4.2182909510525
6,D3-globalCap1,142,42000,3.67212280917954
6,D3-globalCap1,142,45000,3.3113642735417
6,D3-globalCap1,142,48000,2.97693800890193
6,D3-globalCap1,142,51000,2.64812398691743
6,D3-globalCap1,142,54000,2.50794924768104
6,D3-globalCap1,142,57000,1.43751195734023
6,D3-globalCap1,142,60000,0.837332070047637
6,D3-globalCap2,142,3000,39.9896205446431
6,D3-globalCap2,142,6000,27.0143558097853
6,D3-globalCap2,142,9000,24.119052372161
6,D3-globalCap2,142,12000,16.1077167316072
6,D3-globalCap2,142,15000,14.827186712738
6,D3-globalCap2,142,18000,13.3158765377641
6,D3-globalCap2,142,21000,11.5024662661174
6,D3-globalCap2,142,24000,10.7795821238127
6,D3-globalCap2,142,27000,9.19539519938576
6,D3-globalCap2,142,30000,6.62407466901595
6,D3-globalCap2,142,33000,3.65122377509783
6,D3-globalCap2,142,36000,2.79617809783269
6,D3-globalCap2,142,39000,1.78090147274736
6,D3-globalCap2,142,42000,1.66036578118565
6,D3-globalCap2,142,45000,1.20761705903431
6,D3-globalCap2,142,48000,0.765149200410747
6,D3-globalCap2,142,51000,0.670250546997522
6,D3-globalCap2,142,54000,0.417249782691329
6,D3-globalCap2,142,57000,0.293462453505299
6,D3-globalCap2,142,60000,0.170959351660372
6,D3-globalCap1,143,3000,30.4952702337445
6,D3-globalCap1,143,6000,16.3737186653858
6,D3-globalCap1,143,9000,14.0009068242687
6,D3-globalCap1,143,12000,10.6113049826421
6,D3-globalCap1,143,15000,10.0499632244888
6,D3-globalCap1,143,18000,8.46086644376351
6,D3-globalCap1,143,21000,7.57162938306192
6,D3-globalCap1,143,24000,6.06971825212861
6,D3-globalCap1,143,27000,5.58959717329674
6,D3-globalCap1,143,30000,5.26755277887924
6,D3-globalCap1,143,33000,4.52141159802625
6,D3-globalCap1,143,36000,3.64543206494784
6,D3-globalCap1,143,39000,3.25324830890941
6,D3-globalCap1,143,42000,2.97024052673009
6,D3-globalCap1,143,45000,2.61064776389776
6,D3-globalCap1,143,48000,2.29308653982707
6,D3-globalCap1,143,51000,2.07205463074081
6,D3-globalCap1,143,54000,1.45278461579119
6,D3-globalCap1,143,57000,1.29479688604124
6,D3-globalCap1,143,60000,1.02729752101641
6,D3-globalCap2,143,3000,45.3468507505406
6,D3-globalCap2,143,6000,36.7587335711469
6,D3-globalCap2,143,9000,27.2572632925472
6,D3-globalCap2,143,12000,24.1485954240417
6,D3-globalCap2,143,15000,21.9989293322978
6,D3-globalCap2,143,18000,19.9836446323358
6,D3-globalCap2,143,21000,15.1469980797494
6,D3-globalCap2,143,24000,12.7169892278591
6,D3-globalCap2,143,27000,11.0347658930928
6,D3-globalCap2,143,30000,10.0568289446626
6,D3-globalCap2,143,33000,9.00451298965254
6,D3-globalCap2,143,36000,6.74009610894416
6,D3-globalCap2,143,39000,4.93514983593423
6,D3-globalCap2,143,42000,4.42935879286574
6,D3-globalCap2,143,45000,3.95417834939155
6,D3-globalCap2,143,48000,3.4874573445685
6,D3-globalCap2,143,51000,3.17006253721559
6,D3-globalCap2,143,54000,2.96503451190256
6,D3-globalCap2,143,57000,2.55863747799583
6,D3-globalCap2,143,60000,2.16297368552398
6,D3-globalCap1,144,3000,43.7115181945378
6,D3-globalCap1,144,6000,32.4529425977511
6,D3-globalCap1,144,9000,23.0670962102868
6,D3-globalCap1,144,12000,21.3149691444191
6,D3-globalCap1,144,15000,17.4739084697586
6,D3-globalCap1,144,18000,16.5169156268512
6,D3-globalCap1,144,21000,15.1739033250159
6,D3-globalCap1,144,24000,9.59316332556602
6,D3-globalCap1,144,27000,7.58687960409122
6,D3-globalCap1,144,30000,5.21387323199031
6,D3-globalCap1,144,33000,4.86240759290558
6,D3-globalCap1,144,36000,4.68444457103567
6,D3-globalCap1,144,39000,4.04810067472408
6,D3-globalCap1,144,42000,3.14399112482829
6,D3-globalCap1,144,45000,3.03162506695958
6,D3-globalCap1,144,48000,2.69492047031883
6,D3-globalCap1,144,51000,1.27161730823138
6,D3-globalCap1,144,54000,0.508905429553465
6,D3-globalCap1,144,57000,0.358178022361358
6,D3-globalCap1,144,60000,0.148349965807711
6,D3-globalCap2,144,3000,36.734799133907
6,D3-globalCap2,144,6000,28.2935520147557
6,D3-globalCap2,144,9000,22.164916290785
6,D3-globalCap2,144,12000,19.5737080854055
6,D3-globalCap2,144,15000,17.4830560894297
6,D3-globalCap2,144,18000,15.3726855134104
6,D3-globalCap2,144,21000,15.1232610974696
6,D3-globalCap2,144,24000,13.6434883238001
6,D3-globalCap2,144,27000,13.1677435131409
6,D3-globalCap2,144,30000,12.5778415855044
6,D3-globalCap2,144,33000,11.0614662741735
6,D3-globalCap2,144,36000,9.91807591738313
6,D3-globalCap2,144,39000,9.61141254213362
6,D3-globalCap2,144,42000,8.97109648786738
6,D3-globalCap2,144,45000,8.71651132913064
6,D3-globalCap2,144,48000,7.56115292996583
6,D3-globalCap2,144,51000,7.42167317221174
6,D3-globalCap2,144,54000,6.63341217171853
6,D3-globalCap2,144,57000,6.38870924675837
6,D3-globalCap2,144,60000,5.83084243410951
6,D3-globalCap1,145,3000,51.9464224614617
6,D3-globalCap1,145,6000,48.1534536471465
6,D3-globalCap1,145,9000,40.4634173903903
6,D3-globalCap1,145,12000,40.4634173903903
6,D3-globalCap1,145,15000,37.1578298625342
6,D3-globalCap1,145,18000,31.5877553835385
6,D3-globalCap1,145,21000,25.9467457866219
6,D3-globalCap1,145,24000,22.8460455909228
6,D3-globalCap1,145,27000,21.490567726955
6,D3-globalCap1,145,30000,20.2482088798316
6,D3-globalCap1,145,33000,20.2456534021711
6,D3-globalCap1,145,36000,17.1293554041924
6,D3-globalCap1,145,39000,16.7171326766203
6,D3-globalCap1,145,42000,15.6549366841541
6,D3-globalCap1,145,45000,15.6549366841541
6,D3-globalCap1,145,48000,14.8744596380805
6,D3-globalCap1,145,51000,14.2204540218663
6,D3-globalCap1,145,54000,13.5772305343569
6,D3-globalCap1,145,57000,12.7949225628788
6,D3-globalCap1,145,60000,11.5286198440632
6,D3-globalCap2,145,3000,56.1239609230727
6,D3-globalCap2,145,6000,37.6377628341947
6,D3-globalCap2,145,9000,34.0867088074685
6,D3-globalCap2,145,12000,28.4478533604715
6,D3-globalCap2,145,15000,27.8454708875827
6,D3-globalCap2,145,18000,26.9697175821392
6,D3-globalCap2,145,21000,21.0726170649377
6,D3-globalCap2,145,24000,18.7581801313493
6,D3-globalCap2,145,27000,14.7358165818338
6,D3-globalCap2,145,30000,14.2251159726945
6,D3-globalCap2,145,33000,11.2523605192964
6,D3-globalCap2,145,36000,7.11026087728681
6,D3-globalCap2,145,39000,5.4078836224636
6,D3-globalCap2,145,42000,3.74991742998066
6,D3-globalCap2,145,45000,3.5490291336165
6,D3-globalCap2,145,48000,3.09904195926129
6,D3-globalCap2,145,51000,2.1208778787626
6,D3-globalCap2,145,54000,1.37449759355582
6,D3-globalCap2,145,57000,0.657794374618447
6,D3-globalCap2,145,60000,0.444315745113954
9,D3-globalCap1,141,3000,3603.75358656157
9,D3-globalCap1,141,6000,2395.81321003164
9,D3-globalCap1,141,9000,2068.37793796516
9,D3-globalCap1,141,12000,1823.82379586695
9,D3-globalCap1,141,15000,1544.57443193773
9,D3-globalCap1,141,18000,1544.57443193773
9,D3-globalCap1,141,21000,1389.56430847651
9,D3-globalCap1,141,24000,1320.07248436912
9,D3-globalCap1,141,27000,1202.60148577152
9,D3-globalCap1,141,30000,1202.60148577152
9,D3-globalCap1,141,33000,1191.45545622551
9,D3-globalCap1,141,36000,1131.09686326116
9,D3-globalCap1,141,39000,892.695813644577
9,D3-globalCap1,141,42000,204.431283053087
9,D3-globalCap1,141,45000,78.8691288784332
9,D3-globalCap1,141,48000,49.5739055449532
9,D3-globalCap1,141,51000,35.4427324198806
9,D3-globalCap1,141,54000,32.5230253067107
9,D3-globalCap1,141,57000,31.1660156012229
9,D3-globalCap1,141,60000,29.8208505842607
9,D3-globalCap2,141,3000,1690.81157967772
9,D3-globalCap2,141,6000,1269.64207738462
9,D3-globalCap2,141,9000,1002.42007282774
9,D3-globalCap2,141,12000,850.353191074547
9,D3-globalCap2,141,15000,800.892503831204
9,D3-globalCap2,141,18000,800.892503831204
9,D3-globalCap2,141,21000,777.339087780445
9,D3-globalCap2,141,24000,710.680257352975
9,D3-globalCap2,141,27000,699.294459059997
9,D3-globalCap2,141,30000,652.969110789014
9,D3-globalCap2,141,33000,645.180072268726
9,D3-globalCap2,141,36000,612.826630829496
9,D3-globalCap2,141,39000,478.727244598782
9,D3-globalCap2,141,42000,353.308020634389
9,D3-globalCap2,141,45000,340.394840126673
9,D3-globalCap2,141,48000,321.857873051655
9,D3-globalCap2,141,51000,319.604655655401
9,D3-globalCap2,141,54000,313.156347871574
9,D3-globalCap2,141,57000,297.314899986171
9,D3-globalCap2,141,60000,291.567520683152
9,D3-globalCap1,142,3000,2598.65596556384
9,D3-globalCap1,142,6000,2073.74671602943
9,D3-globalCap1,142,9000,1823.70601114971
9,D3-globalCap1,142,12000,1673.65984377156
9,D3-globalCap1,142,15000,1451.71994573393
9,D3-globalCap1,142,18000,1267.56739688975
9,D3-globalCap1,142,21000,1168.07704443105
9,D3-globalCap1,142,24000,1106.57014754547
9,D3-globalCap1,142,27000,1106.32776933779
9,D3-globalCap1,142,30000,933.179285824279
9,D3-globalCap1,142,33000,593.046835263849
9,D3-globalCap1,142,36000,277.606462790372
9,D3-globalCap1,142,39000,145.54046045508
9,D3-globalCap1,142,42000,65.4507178953623
9,D3-globalCap1,142,45000,31.309066725718
9,D3-globalCap1,142,48000,19.7470619247382
9,D3-globalCap1,142,51000,17.9465144834323
9,D3-globalCap1,142,54000,16.9136609434606
9,D3-globalCap1,142,57000,15.8516415983081
9,D3-globalCap1,142,60000,14.9941529548236
9,D3-globalCap2,142,3000,2777.07288845157
9,D3-globalCap2,142,6000,2013.59950994363
9,D3-globalCap2,142,9000,1396.97637846573
9,D3-globalCap2,142,12000,1100.62380318047
9,D3-globalCap2,142,15000,726.839657125791
9,D3-globalCap2,142,18000,441.720795459976
9,D3-globalCap2,142,21000,355.907166886022
9,D3-globalCap2,142,24000,341.595061000057
9,D3-globalCap2,142,27000,307.651345641798
9,D3-globalCap2,142,30000,235.764662818046
9,D3-globalCap2,142,33000,213.476902415022
9,D3-globalCap2,142,36000,147.576070050455
9,D3-globalCap2,142,39000,102.461373987849
9,D3-globalCap2,142,42000,62.8420981465058
9,D3-globalCap2,142,45000,14.9027786025634
9,D3-globalCap2,142,48000,8.66774001074452
9,D3-globalCap2,142,51000,7.9268274927515
9,D3-globalCap2,142,54000,7.21235446749233
9,D3-globalCap2,142,57000,6.79762550006876
9,D3-globalCap2,142,60000,6.67447919475217
9,D3-globalCap1,143,3000,2481.77729386277
9,D3-globalCap1,143,6000,2350.68549330309
9,D3-globalCap1,143,9000,1508.67836454535
9,D3-globalCap1,143,12000,1426.25270755303
9,D3-globalCap1,143,15000,1109.86635823272
9,D3-globalCap1,143,18000,1109.86635823272
9,D3-globalCap1,143,21000,885.768591906123
9,D3-globalCap1,143,24000,859.488417666493
9,D3-globalCap1,143,27000,752.86437135761
9,D3-globalCap1,143,30000,737.926396272448
9,D3-globalCap1,143,33000,712.609207278896
9,D3-globalCap1,143,36000,669.877824620801
9,D3-globalCap1,143,39000,325.950709547614
9,D3-globalCap1,143,42000,154.024304831386
9,D3-globalCap1,143,45000,112.675379869186
9,D3-globalCap1,143,48000,96.3318589056478
9,D3-globalCap1,143,51000,89.1953505255966
9,D3-globalCap1,143,54000,82.2330017437359
9,D3-globalCap1,143,57000,80.994661462805
9,D3-globalCap1,143,60000,80.496867207329
9,D3-globalCap2,143,3000,3400.90317204243
9,D3-globalCap2,143,6000,3072.08928154674
9,D3-globalCap2,143,9000,2386.18616503389
9,D3-globalCap2,143,12000,2111.23680438612
9,D3-globalCap2,143,15000,2111.23680438612
9,D3-globalCap2,143,18000,2060.41435240593
9,D3-globalCap2,143,21000,1978.3384678452
9,D3-globalCap2,143,24000,1882.74176822517
9,D3-globalCap2,143,27000,1853.1942932021
9,D3-globalCap2,143,30000,1853.1942932021
9,D3-globalCap2,143,33000,1628.41938103868
9,D3-globalCap2,143,36000,1618.61275862263
9,D3-globalCap2,143,39000,1539.23863962214
9,D3-globalCap2,143,42000,573.185593547717
9,D3-globalCap2,143,45000,343.972272582923
9,D3-globalCap2,143,48000,163.867255070318
9,D3-globalCap2,143,51000,102.938635966487
9,D3-globalCap2,143,54000,84.0191605948878
9,D3-globalCap2,143,57000,71.6787115645506
9,D3-globalCap2,143,60000,68.9888592417487
9,D3-globalCap1,144,3000,4107.90396910952
9,D3-globalCap1,144,6000,2120.20618758252
9,D3-globalCap1,144,9000,1464.82525140525
9,D3-globalCap1,144,12000,569.705112593066
9,D3-globalCap1,144,15000,384.079015413368
9,D3-globalCap1,144,18000,356.253838376861
9,D3-globalCap1,144,21000,319.726683915085
9,D3-globalCap1,144,24000,273.490977185243
9,D3-globalCap1,144,27000,230.523031152341
9,D3-globalCap1,144,30000,152.98650796988
9,D3-globalCap1,144,33000,135.093832348954
9,D3-globalCap1,144,36000,118.268158252144
9,D3-globalCap1,144,39000,98.2198042290754
9,D3-globalCap1,144,42000,49.3257582259617
9,D3-globalCap1,144,45000,31.4611091743856
9,D3-globalCap1,144,48000,19.9518349596029
9,D3-globalCap1,144,51000,11.4497024045201
9,D3-globalCap1,144,54000,10.18700731688
9,D3-globalCap1,144,57000,9.79508228688803
9,D3-globalCap1,144,60000,9.51650712420803
9,D3-globalCap2,144,3000,3425.32408625814
9,D3-globalCap2,144,6000,2869.21598419688
9,D3-globalCap2,144,9000,2297.61845147174
9,D3-globalCap2,144,12000,1656.37449472281
9,D3-globalCap2,144,15000,1362.06589440404
9,D3-globalCap2,144,18000,858.235259127737
9,D3-globalCap2,144,21000,858.235259127737
9,D3-globalCap2,144,24000,820.709269737755
9,D3-globalCap2,144,27000,522.427323832159
9,D3-globalCap2,144,30000,422.666622956976
9,D3-globalCap2,144,33000,302.369182927984
9,D3-globalCap2,144,36000,161.819270766107
9,D3-globalCap2,144,39000,69.1166142830899
9,D3-globalCap2,144,42000,49.5657025767781
9,D3-globalCap2,144,45000,34.7379393647561
9,D3-globalCap2,144,48000,24.8205162250333
9,D3-globalCap2,144,51000,22.8002593354493
9,D3-globalCap2,144,54000,19.5248173698533
9,D3-globalCap2,144,57000,13.2502276084235
9,D3-globalCap2,144,60000,5.93742247195269
9,D3-globalCap1,145,3000,2515.12415242194
9,D3-globalCap1,145,6000,2045.80331352636
9,D3-globalCap1,145,9000,1766.37479257672
9,D3-globalCap1,145,12000,1563.14283707881
9,D3-globalCap1,145,15000,1068.7695439492
9,D3-globalCap1,145,18000,921.882780005141
9,D3-globalCap1,145,21000,515.904112567709
9,D3-globalCap1,145,24000,384.89350416683
9,D3-globalCap1,145,27000,249.851409634121
9,D3-globalCap1,145,30000,179.607187203348
9,D3-globalCap1,145,33000,63.7968974130591
9,D3-globalCap1,145,36000,39.3977495272728
9,D3-globalCap1,145,39000,24.5602386586227
9,D3-globalCap1,145,42000,8.28386601998932
9,D3-globalCap1,145,45000,6.38284415822829
9,D3-globalCap1,145,48000,4.60362297925701
9,D3-globalCap1,145,51000,4.01173834102906
9,D3-globalCap1,145,54000,3.71157540036916
9,D3-globalCap1,145,57000,3.57606699664973
9,D3-globalCap1,145,60000,3.54395826474399
9,D3-globalCap2,145,3000,4482.37249018706
9,D3-globalCap2,145,6000,3951.37608038489
9,D3-globalCap2,145,9000,3364.85436201512
9,D3-globalCap2,145,12000,1773.63719321346
9,D3-globalCap2,145,15000,1335.17471441019
9,D3-globalCap2,145,18000,748.675894512734
9,D3-globalCap2,145,21000,473.171780913814
9,D3-globalCap2,145,24000,301.920492580009
9,D3-globalCap2,145,27000,226.569613944556
9,D3-globalCap2,145,30000,129.226869570573
9,D3-globalCap2,145,33000,89.1425899895299
9,D3-globalCap2,145,36000,33.2446133541446
9,D3-globalCap2,145,39000,10.0886720346851
9,D3-globalCap2,145,42000,5.52942500583868
9,D3-globalCap2,145,45000,2.50019263385173
9,D3-globalCap2,145,48000,1.85200654735638
9,D3-globalCap2,145,51000,1.23551535876072
9,D3-globalCap2,145,54000,0.809481661391601
9,D3-globalCap2,145,57000,0.73365868484143
9,D3-globalCap2,145,60000,0.723516150979435
12,D3-globalCap1,141,3000,336976753.432375
12,D3-globalCap1,141,6000,149107127.553909
12,D3-globalCap1,141,9000,57276758.9236681
12,D3-globalCap1,141,12000,27788131.1004493
12,D3-globalCap1,141,15000,12841970.3560477
12,D3-globalCap1,141,18000,8950459.62285255
12,D3-globalCap1,141,21000,8524764.56869919
12,D3-globalCap1,141,24000,6440967.52527099
12,D3-globalCap1,141,27000,5012855.97295055
12,D3-globalCap1,141,30000,3158748.73380821
12,D3-globalCap1,141,33000,2471806.22522092
12,D3-globalCap1,141,36000,2187483.51346768
12,D3-globalCap1,141,39000,1758124.43055897
12,D3-globalCap1,141,42000,1617780.85158776
12,D3-globalCap1,141,45000,1523225.01370965
12,D3-globalCap1,141,48000,1283986.67613732
12,D3-globalCap1,141,51000,1157980.94525246
12,D3-globalCap1,141,54000,1029868.37606232
12,D3-globalCap1,141,57000,895611.74039052
12,D3-globalCap1,141,60000,459639.218552535
12,D3-globalCap2,141,3000,129814979.666558
12,D3-globalCap2,141,6000,35627786.2755354
12,D3-globalCap2,141,9000,23420957.7651612
12,D3-globalCap2,141,12000,11983319.1426346
12,D3-globalCap2,141,15000,11471130.258666
12,D3-globalCap2,141,18000,8048401.52207565
12,D3-globalCap2,141,21000,7131904.88353392
12,D3-globalCap2,141,24000,6110476.38729244
12,D3-globalCap2,141,27000,5785924.3612768
12,D3-globalCap2,141,30000,4632157.68440243
12,D3-globalCap2,141,33000,4632157.68440243
12,D3-globalCap2,141,36000,4454899.26446389
12,D3-globalCap2,141,39000,4264478.1223647
12,D3-globalCap2,141,42000,3292668.78553904
12,D3-globalCap2,141,45000,2839433.41875073
12,D3-globalCap2,141,48000,2214951.89059744
12,D3-globalCap2,141,51000,1793474.85119003
12,D3-globalCap2,141,54000,1029293.75214016
12,D3-globalCap2,141,57000,513087.608780825
12,D3-globalCap2,141,60000,346923.447400349
12,D3-globalCap1,142,3000,281611720.030762
12,D3-globalCap1,142,6000,89117602.8558969
12,D3-globalCap1,142,9000,49106571.357023
12,D3-globalCap1,142,12000,29926661.2799524
12,D3-globalCap1,142,15000,24645040.9102202
12,D3-globalCap1,142,18000,20734244.4231105
12,D3-globalCap1,142,21000,18698741.1519888
12,D3-globalCap1,142,24000,13101674.5419703
12,D3-globalCap1,142,27000,12105757.0176953
12,D3-globalCap1,142,30000,11214334.5206021
12,D3-globalCap1,142,33000,9089429.77229352
12,D3-globalCap1,142,36000,7263357.9329586
12,D3-globalCap1,142,39000,6852326.40035096
12,D3-globalCap1,142,42000,6405623.55780669
12,D3-globalCap1,142,45000,5909148.16658119
12,D3-globalCap1,142,48000,5384500.40840389
12,D3-globalCap1,142,51000,4473922.28731458
12,D3-globalCap1,142,54000,4125686.8532057
12,D3-globalCap1,142,57000,3855151.28643311
12,D3-globalCap1,142,60000,3617273.9535379
12,D3-globalCap2,142,3000,282139704.935429
12,D3-globalCap2,142,6000,157488007.361836
12,D3-globalCap2,142,9000,81142461.1410394
12,D3-globalCap2,142,12000,55938935.0470425
12,D3-globalCap2,142,15000,33991381.1825978
12,D3-globalCap2,142,18000,22325541.1055891
12,D3-globalCap2,142,21000,17579899.222965
12,D3-globalCap2,142,24000,15624845.7189619
12,D3-globalCap2,142,27000,13164735.0850557
12,D3-globalCap2,142,30000,12572462.8455291
12,D3-globalCap2,142,33000,11669280.5724277
12,D3-globalCap2,142,36000,10710436.4804028
12,D3-globalCap2,142,39000,9848217.56957
12,D3-globalCap2,142,42000,8395998.6842922
12,D3-globalCap2,142,45000,7513049.04696948
12,D3-globalCap2,142,48000,6585842.30588523
12,D3-globalCap2,142,51000,6156039.74263909
12,D3-globalCap2,142,54000,5676137.73724884
12,D3-globalCap2,142,57000,4923817.07773394
12,D3-globalCap2,142,60000,4602993.01584156
12,D3-globalCap1,143,3000,419509381.259608
12,D3-globalCap1,143,6000,176123320.881418
12,D3-globalCap1,143,9000,142250507.382352
12,D3-globalCap1,143,12000,133954742.379125
12,D3-globalCap1,143,15000,99574773.2991196
12,D3-globalCap1,143,18000,46188059.6519056
12,D3-globalCap1,143,21000,15970658.7213109
12,D3-globalCap1,143,24000,11785314.6584811
12,D3-globalCap1,143,27000,10678364.2160456
12,D3-globalCap1,143,30000,9586604.28904558
12,D3-globalCap1,143,33000,7898718.32655253
12,D3-globalCap1,143,36000,6411653.61872113
12,D3-globalCap1,143,39000,5615149.33948186
12,D3-globalCap1,143,42000,5520727.77921598
12,D3-globalCap1,143,45000,5116201.2439583
12,D3-globalCap1,143,48000,4691746.73206277
12,D3-globalCap1,143,51000,4147478.3526084
12,D3-globalCap1,143,54000,3999317.18001045
12,D3-globalCap1,143,57000,3653114.58117959
12,D3-globalCap1,143,60000,3292178.87550251
12,D3-globalCap2,143,3000,213953104.098003
12,D3-globalCap2,143,6000,35339100.2434322
12,D3-globalCap2,143,9000,27320713.8691173
12,D3-globalCap2,143,12000,22057662.8315699
12,D3-globalCap2,143,15000,10551999.4391752
12,D3-globalCap2,143,18000,6486603.9560471
12,D3-globalCap2,143,21000,4458304.95397554
12,D3-globalCap2,143,24000,3188194.22458221
12,D3-globalCap2,143,27000,2384488.7360211
12,D3-globalCap2,143,30000,1900034.88283736
12,D3-globalCap2,143,33000,1045971.43820414
12,D3-globalCap2,143,36000,664226.378361954
12,D3-globalCap2,143,39000,664226.378361954
12,D3-globalCap2,143,42000,612247.460368521
12,D3-globalCap2,143,45000,584500.042811109
12,D3-globalCap2,143,48000,492848.930674832
12,D3-globalCap2,143,51000,232902.960854266
12,D3-globalCap2,143,54000,179278.235203054
12,D3-globalCap2,143,57000,158330.062538987
12,D3-globalCap2,143,60000,105879.161162921
12,D3-globalCap1,144,3000,254863993.693837
12,D3-globalCap1,144,6000,104721338.057474
12,D3-globalCap1,144,9000,54182710.7772348
12,D3-globalCap1,144,12000,22886865.1656247
12,D3-globalCap1,144,15000,12488194.0100022
12,D3-globalCap1,144,18000,7869478.37974608
12,D3-globalCap1,144,21000,7526718.42175166
12,D3-globalCap1,144,24000,4454168.96714542
12,D3-globalCap1,144,27000,3625465.92073768
12,D3-globalCap1,144,30000,2529778.29715885
12,D3-globalCap1,144,33000,2311701.72053327
12,D3-globalCap1,144,36000,2311701.72053327
12,D3-globalCap1,144,39000,2311701.72053327
12,D3-globalCap1,144,42000,2311701.72053327
12,D3-globalCap1,144,45000,1549278.43877962
12,D3-globalCap1,144,48000,1413872.38309131
12,D3-globalCap1,144,51000,1185506.94231902
12,D3-globalCap1,144,54000,731311.49812685
12,D3-globalCap1,144,57000,595898.988533246
12,D3-globalCap1,144,60000,379584.87537834
12,D3-globalCap2,144,3000,189820865.326144
12,D3-globalCap2,144,6000,30407247.8891255
12,D3-globalCap2,144,9000,22264200.5987453
12,D3-globalCap2,144,12000,17425530.4855996
12,D3-globalCap2,144,15000,11717913.3392377
12,D3-globalCap2,144,18000,5822838.64114078
12,D3-globalCap2,144,21000,5822838.64114078
12,D3-globalCap2,144,24000,5743638.29640951
12,D3-globalCap2,144,27000,4274904.69445145
12,D3-globalCap2,144,30000,4107418.68639076
12,D3-globalCap2,144,33000,3732313.89614024
12,D3-globalCap2,144,36000,3127281.28075335
12,D3-globalCap2,144,39000,2914894.01920466
12,D3-globalCap2,144,42000,2547966.66126141
12,D3-globalCap2,144,45000,2142480.53419168
12,D3-globalCap2,144,48000,1771918.46781066
12,D3-globalCap2,144,51000,1213675.5502736
12,D3-globalCap2,144,54000,697898.647930255
12,D3-globalCap2,144,57000,568333.682297902
12,D3-globalCap2,144,60000,489882.402980006
12,D3-globalCap1,145,3000,231413152.643605
12,D3-globalCap1,145,6000,108733638.231181
12,D3-globalCap1,145,9000,82974868.5756039
12,D3-globalCap1,145,12000,67458196.3308411
12,D3-globalCap1,145,15000,26333560.6866507
12,D3-globalCap1,145,18000,17105867.7156549
12,D3-globalCap1,145,21000,12843838.9986348
12,D3-globalCap1,145,24000,11037549.121713
12,D3-globalCap1,145,27000,8695232.58153638
12,D3-globalCap1,145,30000,7183011.88210996
12,D3-globalCap1,145,33000,5629173.26402577
12,D3-globalCap1,145,36000,5266152.42370648
12,D3-globalCap1,145,39000,3919236.01813556
12,D3-globalCap1,145,42000,2894772.75765607
12,D3-globalCap1,145,45000,2338894.40335761
12,D3-globalCap1,145,48000,1548364.32519038
12,D3-globalCap1,145,51000,833195.829867566
12,D3-globalCap1,145,54000,669651.315287006
12,D3-globalCap1,145,57000,557082.356172274
12,D3-globalCap1,145,60000,502192.321449282
12,D3-globalCap2,145,3000,175303458.334279
12,D3-globalCap2,145,6000,106161159.080665
12,D3-globalCap2,145,9000,47944980.1242676
12,D3-globalCap2,145,12000,20197088.252186
12,D3-globalCap2,145,15000,11131735.7812111
12,D3-globalCap2,145,18000,6255005.32105635
12,D3-globalCap2,145,21000,5835961.07004273
12,D3-globalCap2,145,24000,4497903.59191055
12,D3-globalCap2,145,27000,3110639.10387107
12,D3-globalCap2,145,30000,2937387.23035579
12,D3-globalCap2,145,33000,2752599.94285953
12,D3-globalCap2,145,36000,1681967.83636697
12,D3-globalCap2,145,39000,1447492.36648802
12,D3-globalCap2,145,42000,1082114.91581391
12,D3-globalCap2,145,45000,1032928.89637162
12,D3-globalCap2,145,48000,614720.060983495
12,D3-globalCap2,145,51000,462083.731231632
12,D3-globalCap2,145,54000,404420.34542718
12,D3-globalCap2,145,57000,368498.046267666
12,D3-globalCap2,145,60000,294921.062406124
13,D3-globalCap1,141,3000,13020089.6078961
13,D3-globalCap1,141,6000,5697587.45364325
13,D3-globalCap1,141,9000,2066932.52256874
13,D3-globalCap1,141,12000,1826205.20415585
13,D3-globalCap1,141,15000,1060444.42944429
13,D3-globalCap1,141,18000,536500.432114812
13,D3-globalCap1,141,21000,367412.826723613
13,D3-globalCap1,141,24000,245291.188824266
13,D3-globalCap1,141,27000,237731.656048527
13,D3-globalCap1,141,30000,182791.152043801
13,D3-globalCap1,141,33000,138003.565082307
13,D3-globalCap1,141,36000,137072.48211313
13,D3-globalCap1,141,39000,114017.361546224
13,D3-globalCap1,141,42000,112365.112998603
13,D3-globalCap1,141,45000,88271.1116038774
13,D3-globalCap1,141,48000,70052.3979449193
13,D3-globalCap1,141,51000,62132.3294384086
13,D3-globalCap1,141,54000,52149.848670897
13,D3-globalCap1,141,57000,49310.4232637073
13,D3-globalCap1,141,60000,42295.3217786212
13,D3-globalCap2,141,3000,18653912.028002
13,D3-globalCap2,141,6000,4311387.049974
13,D3-globalCap2,141,9000,1416031.73721384
13,D3-globalCap2,141,12000,1103153.65456078
13,D3-globalCap2,141,15000,377147.361876744
13,D3-globalCap2,141,18000,374928.715652569
13,D3-globalCap2,141,21000,268852.196858976
13,D3-globalCap2,141,24000,260636.729705421
13,D3-globalCap2,141,27000,134712.816490434
13,D3-globalCap2,141,30000,76043.6777855097
13,D3-globalCap2,141,33000,75107.2245435346
13,D3-globalCap2,141,36000,68917.8970736299
13,D3-globalCap2,141,39000,68576.5239186159
13,D3-globalCap2,141,42000,68257.3828451135
13,D3-globalCap2,141,45000,57292.1345056879
13,D3-globalCap2,141,48000,45374.8953665842
13,D3-globalCap2,141,51000,45056.4815843752
13,D3-globalCap2,141,54000,45051.1620544784
13,D3-globalCap2,141,57000,39879.3276611347
13,D3-globalCap2,141,60000,25201.5566808161
13,D3-globalCap1,142,3000,20410523.5356692
13,D3-globalCap1,142,6000,3581390.00069064
13,D3-globalCap1,142,9000,1938792.22169894
13,D3-globalCap1,142,12000,1768870.76962455
13,D3-globalCap1,142,15000,1148878.37060677
13,D3-globalCap1,142,18000,666603.637125471
13,D3-globalCap1,142,21000,537641.983940743
13,D3-globalCap1,142,24000,499412.288445162
13,D3-globalCap1,142,27000,399054.123308769
13,D3-globalCap1,142,30000,393185.614039962
13,D3-globalCap1,142,33000,384548.40580588
13,D3-globalCap1,142,36000,219943.348230848
13,D3-globalCap1,142,39000,219355.838606106
13,D3-globalCap1,142,42000,219355.838606106
13,D3-globalCap1,142,45000,183934.915507421
13,D3-globalCap1,142,48000,142164.643635887
13,D3-globalCap1,142,51000,141833.460254603
13,D3-globalCap1,142,54000,133083.672473511
13,D3-globalCap1,142,57000,132525.556572004
13,D3-globalCap1,142,60000,126300.194173152
13,D3-globalCap2,142,3000,4601938.71855629
13,D3-globalCap2,142,6000,2517401.74742633
13,D3-globalCap2,142,9000,2298265.36063232
13,D3-globalCap2,142,12000,932735.677810856
13,D3-globalCap2,142,15000,168319.469259497
13,D3-globalCap2,142,18000,90794.0103285075
13,D3-globalCap2,142,21000,74363.6578598789
13,D3-globalCap2,142,24000,72337.1833327672
13,D3-globalCap2,142,27000,49456.2508364361
13,D3-globalCap2,142,30000,48005.1429130297
13,D3-globalCap2,142,33000,47963.3932174337
13,D3-globalCap2,142,36000,47881.4400064482
13,D3-globalCap2,142,39000,47188.4410481611
13,D3-globalCap2,142,42000,43341.4425561267
13,D3-globalCap2,142,45000,31217.4588143049
13,D3-globalCap2,142,48000,25938.8645181213
13,D3-globalCap2,142,51000,25182.770617187
13,D3-globalCap2,142,54000,25168.7857259117
13,D3-globalCap2,142,57000,16807.2435583705
13,D3-globalCap2,142,60000,12931.8632963958
13,D3-globalCap1,143,3000,28507242.3329948
13,D3-globalCap1,143,6000,6153544.35377462
13,D3-globalCap1,143,9000,3011500.47926459
13,D3-globalCap1,143,12000,2735669.23323217
13,D3-globalCap1,143,15000,823398.154958967
13,D3-globalCap1,143,18000,636890.061713185
13,D3-globalCap1,143,21000,633531.375305882
13,D3-globalCap1,143,24000,247021.111678552
13,D3-globalCap1,143,27000,236544.332914763
13,D3-globalCap1,143,30000,163521.350144071
13,D3-globalCap1,143,33000,162025.773974386
13,D3-globalCap1,143,36000,127038.659023058
13,D3-globalCap1,143,39000,125193.300202438
13,D3-globalCap1,143,42000,119656.062272446
13,D3-globalCap1,143,45000,103582.06340057
13,D3-globalCap1,143,48000,101430.13409159
13,D3-globalCap1,143,51000,92790.843972513
13,D3-globalCap1,143,54000,92414.3095264354
13,D3-globalCap1,143,57000,87699.3350776224
13,D3-globalCap1,143,60000,83548.5270835338
13,D3-globalCap2,143,3000,11088823.285998
13,D3-globalCap2,143,6000,2500133.2720995
13,D3-globalCap2,143,9000,789711.540411211
13,D3-globalCap2,143,12000,753070.0829325
13,D3-globalCap2,143,15000,747055.406394166
13,D3-globalCap2,143,18000,652426.570446316
13,D3-globalCap2,143,21000,487439.357282166
13,D3-globalCap2,143,24000,211459.161589541
13,D3-globalCap2,143,27000,173749.579475157
13,D3-globalCap2,143,30000,164758.043514696
13,D3-globalCap2,143,33000,72966.7855813275
13,D3-globalCap2,143,36000,71311.4640020682
13,D3-globalCap2,143,39000,62753.5617111614
13,D3-globalCap2,143,42000,60820.818324841
13,D3-globalCap2,143,45000,59896.4273379094
13,D3-globalCap2,143,48000,58846.4594351688
13,D3-globalCap2,143,51000,38305.471650855
13,D3-globalCap2,143,54000,37278.040392927
13,D3-globalCap2,143,57000,30587.9356793416
13,D3-globalCap2,143,60000,28413.0765643546
13,D3-globalCap1,144,3000,16027201.7512818
13,D3-globalCap1,144,6000,6481230.59738423
13,D3-globalCap1,144,9000,2393935.22782398
13,D3-globalCap1,144,12000,848943.555623365
13,D3-globalCap1,144,15000,748014.177137379
13,D3-globalCap1,144,18000,674262.17702511
13,D3-globalCap1,144,21000,571655.417572046
13,D3-globalCap1,144,24000,329130.061092079
13,D3-globalCap1,144,27000,250517.171328927
13,D3-globalCap1,144,30000,135065.710668362
13,D3-globalCap1,144,33000,126442.77797588
13,D3-globalCap1,144,36000,84882.894532344
13,D3-globalCap1,144,39000,84273.4335851538
13,D3-globalCap1,144,42000,73679.444252915
13,D3-globalCap1,144,45000,73085.865441381
13,D3-globalCap1,144,48000,73015.9435637784
13,D3-globalCap1,144,51000,65117.3229812818
13,D3-globalCap1,144,54000,64796.4966588353
13,D3-globalCap1,144,57000,44319.1371873233
13,D3-globalCap1,144,60000,17905.8569727886
13,D3-globalCap2,144,3000,8522024.87599031
13,D3-globalCap2,144,6000,2515194.8717428
13,D3-globalCap2,144,9000,581209.428394561
13,D3-globalCap2,144,12000,573342.573508327
13,D3-globalCap2,144,15000,243979.74743141
13,D3-globalCap2,144,18000,242599.56693982
13,D3-globalCap2,144,21000,241935.491591859
13,D3-globalCap2,144,24000,230649.579387867
13,D3-globalCap2,144,27000,156631.260219
13,D3-globalCap2,144,30000,121588.462260905
13,D3-globalCap2,144,33000,94358.7516323828
13,D3-globalCap2,144,36000,82201.7638725117
13,D3-globalCap2,144,39000,81118.5032255893
13,D3-globalCap2,144,42000,80840.4901728072
13,D3-globalCap2,144,45000,80516.8378841513
13,D3-globalCap2,144,48000,67357.2655318302
13,D3-globalCap2,144,51000,65268.0121220058
13,D3-globalCap2,144,54000,62786.2298779345
13,D3-globalCap2,144,57000,48530.1065020651
13,D3-globalCap2,144,60000,44134.9769037967
13,D3-globalCap1,145,3000,9000508.84719102
13,D3-globalCap1,145,6000,1593522.55632567
13,D3-globalCap1,145,9000,1462219.4928895
13,D3-globalCap1,145,12000,526157.437128635
13,D3-globalCap1,145,15000,525650.838569071
13,D3-globalCap1,145,18000,389750.353818816
13,D3-globalCap1,145,21000,388228.54402514
13,D3-globalCap1,145,24000,307702.884192691
13,D3-globalCap1,145,27000,306683.665347892
13,D3-globalCap1,145,30000,222463.807029127
13,D3-globalCap1,145,33000,158286.678377563
13,D3-globalCap1,145,36000,158274.756670289
13,D3-globalCap1,145,39000,158071.286443273
13,D3-globalCap1,145,42000,118656.225759015
13,D3-globalCap1,145,45000,102887.241759588
13,D3-globalCap1,145,48000,72948.2299289145
13,D3-globalCap1,145,51000,72791.3923763709
13,D3-globalCap1,145,54000,56018.812875478
13,D3-globalCap1,145,57000,49685.9595652791
13,D3-globalCap1,145,60000,16365.2925235718
13,D3-globalCap2,145,3000,5043911.30638353
13,D3-globalCap2,145,6000,755470.717448293
13,D3-globalCap2,145,9000,481371.660198763
13,D3-globalCap2,145,12000,477917.469017949
13,D3-globalCap2,145,15000,427050.142843924
13,D3-globalCap2,145,18000,194307.602851765
13,D3-globalCap2,145,21000,179521.702418765
13,D3-globalCap2,145,24000,166968.516006655
13,D3-globalCap2,145,27000,84995.9274869951
13,D3-globalCap2,145,30000,83891.9850712899
13,D3-globalCap2,145,33000,83219.7883630916
13,D3-globalCap2,145,36000,68762.9904277693
13,D3-globalCap2,145,39000,68101.8481931903
13,D3-globalCap2,145,42000,38760.6987978203
13,D3-globalCap2,145,45000,38644.1338035841
13,D3-globalCap2,145,48000,38326.5814190834
13,D3-globalCap2,145,51000,33883.7236453126
13,D3-globalCap2,145,54000,27682.4163841829
13,D3-globalCap2,145,57000,17704.0557142909
13,D3-globalCap2,145,60000,9308.54290987808
20,D3-globalCap1,141,3000,947.833506634534
20,D3-globalCap1,141,6000,768.486846879433
20,D3-globalCap1,141,9000,578.001487572125
20,D3-globalCap1,141,12000,540.657410480479
20,D3-globalCap1,141,15000,503.331556935973
20,D3-globalCap1,141,18000,467.236514216858
20,D3-globalCap1,141,21000,461.355858971986
20,D3-globalCap1,141,24000,461.01832125942
20,D3-globalCap1,141,27000,447.586460244605
20,D3-globalCap1,141,30000,447.120197147533
20,D3-globalCap1,141,33000,440.815223031734
20,D3-globalCap1,141,36000,438.586155837987
20,D3-globalCap1,141,39000,438.470799091045
20,D3-globalCap1,141,42000,437.91444371935
20,D3-globalCap1,141,45000,437.91444371935
20,D3-globalCap1,141,48000,437.91444371935
20,D3-globalCap1,141,51000,437.251663265386
20,D3-globalCap1,141,54000,435.327916212316
20,D3-globalCap1,141,57000,435.029598528527
20,D3-globalCap1,141,60000,433.904767755234
20,D3-globalCap2,141,3000,999.148634065428
20,D3-globalCap2,141,6000,741.09336673955
20,D3-globalCap2,141,9000,482.215470637022
20,D3-globalCap2,141,12000,412.055136580734
20,D3-globalCap2,141,15000,408.838409805896
20,D3-globalCap2,141,18000,408.644992915229
20,D3-globalCap2,141,21000,260.222317134045
20,D3-globalCap2,141,24000,252.369934768797
20,D3-globalCap2,141,27000,246.82260971359
20,D3-globalCap2,141,30000,238.909963074308
20,D3-globalCap2,141,33000,229.621515111547
20,D3-globalCap2,141,36000,225.410867396369
20,D3-globalCap2,141,39000,225.410867396369
20,D3-globalCap2,141,42000,215.744853436417
20,D3-globalCap2,141,45000,211.231436793006
20,D3-globalCap2,141,48000,210.05842901632
20,D3-globalCap2,141,51000,202.419469774393
20,D3-globalCap2,141,54000,195.066398111992
20,D3-globalCap2,141,57000,191.990035251238
20,D3-globalCap2,141,60000,190.165230469847
20,D3-globalCap1,142,3000,633.396167544458
20,D3-globalCap1,142,6000,631.792381574506
20,D3-globalCap1,142,9000,495.778168969977
20,D3-globalCap1,142,12000,454.164601655574
20,D3-globalCap1,142,15000,448.326319794985
20,D3-globalCap1,142,18000,429.116896818601
20,D3-globalCap1,142,21000,414.691992245688
20,D3-globalCap1,142,24000,398.255732897399
20,D3-globalCap1,142,27000,390.579080428342
20,D3-globalCap1,142,30000,388.684737443104
20,D3-globalCap1,142,33000,387.207071848758
20,D3-globalCap1,142,36000,382.582781549243
20,D3-globalCap1,142,39000,375.903949060269
20,D3-globalCap1,142,42000,375.903949060269
20,D3-globalCap1,142,45000,375.662548459321
20,D3-globalCap1,142,48000,369.719400205068
20,D3-globalCap1,142,51000,367.746153641822
20,D3-globalCap1,142,54000,365.822014415448
20,D3-globalCap1,142,57000,363.075871853163
20,D3-globalCap1,142,60000,362.090911945209
20,D3-globalCap2,142,3000,438.762591616259
20,D3-globalCap2,142,6000,410.556869428309
20,D3-globalCap2,142,9000,384.294150088381
20,D3-globalCap2,142,12000,356.561729109609
20,D3-globalCap2,142,15000,346.447985709116
20,D3-globalCap2,142,18000,338.915925854622
20,D3-globalCap2,142,21000,330.850491773129
20,D3-globalCap2,142,24000,327.458725139933
20,D3-globalCap2,142,27000,317.647636719154
20,D3-globalCap2,142,30000,316.44414790577
20,D3-globalCap2,142,33000,316.44414790577
20,D3-globalCap2,142,36000,315.30463573827
20,D3-globalCap2,142,39000,314.550677526681
20,D3-globalCap2,142,42000,307.52198616975
20,D3-globalCap2,142,45000,306.527339563783
20,D3-globalCap2,142,48000,305.72657406544
20,D3-globalCap2,142,51000,305.182495955965
20,D3-globalCap2,142,54000,304.342944875005
20,D3-globalCap2,142,57000,303.580527536965
20,D3-globalCap2,142,60000,303.409975923128
20,D3-globalCap1,143,3000,1025.33000579948
20,D3-globalCap1,143,6000,949.180952480438
20,D3-globalCap1,143,9000,860.613387091074
20,D3-globalCap1,143,12000,769.752270707254
20,D3-globalCap1,143,15000,741.865399821327
20,D3-globalCap1,143,18000,741.865399821327
20,D3-globalCap1,143,21000,711.062010093613
20,D3-globalCap1,143,24000,708.796784627921
20,D3-globalCap1,143,27000,701.99064580532
20,D3-globalCap1,143,30000,698.812001603304
20,D3-globalCap1,143,33000,598.053050060322
20,D3-globalCap1,143,36000,560.556228148492
20,D3-globalCap1,143,39000,558.180051380818
20,D3-globalCap1,143,42000,545.253885622868
20,D3-globalCap1,143,45000,541.311351563502
20,D3-globalCap1,143,48000,539.684828221676
20,D3-globalCap1,143,51000,539.166535825284
20,D3-globalCap1,143,54000,538.154184707268
20,D3-globalCap1,143,57000,537.276136934129
20,D3-globalCap1,143,60000,536.937798565388
20,D3-globalCap2,143,3000,866.617242171752
20,D3-globalCap2,143,6000,711.823408804866
20,D3-globalCap2,143,9000,684.561176042123
20,D3-globalCap2,143,12000,633.273431146461
20,D3-globalCap2,143,15000,594.65478046969
20,D3-globalCap2,143,18000,579.870414147499
20,D3-globalCap2,143,21000,549.601466449064
20,D3-globalCap2,143,24000,539.090699310514
20,D3-globalCap2,143,27000,538.89231320322
20,D3-globalCap2,143,30000,533.543735479253
20,D3-globalCap2,143,33000,533.543735479253
20,D3-globalCap2,143,36000,533.263614276721
20,D3-globalCap2,143,39000,522.059391662914
20,D3-globalCap2,143,42000,509.518485418054
20,D3-globalCap2,143,45000,492.099738679175
20,D3-globalCap2,143,48000,486.406761426863
20,D3-globalCap2,143,51000,485.010048263799
20,D3-globalCap2,143,54000,484.631453352251
20,D3-globalCap2,143,57000,483.882275972938
20,D3-globalCap2,143,60000,483.659431746147
20,D3-globalCap1,144,3000,998.926785218432
20,D3-globalCap1,144,6000,821.655019837935
20,D3-globalCap1,144,9000,788.149383084543
20,D3-globalCap1,144,12000,782.272671540873
20,D3-globalCap1,144,15000,768.450533531924
20,D3-globalCap1,144,18000,765.375080062614
20,D3-globalCap1,144,21000,763.014434952058
20,D3-globalCap1,144,24000,721.665634102911
20,D3-globalCap1,144,27000,620.23726087604
20,D3-globalCap1,144,30000,337.041128539242
20,D3-globalCap1,144,33000,322.303468242432
20,D3-globalCap1,144,36000,302.914439436582
20,D3-globalCap1,144,39000,281.598519193508
20,D3-globalCap1,144,42000,265.185301877369
20,D3-globalCap1,144,45000,261.008158649765
20,D3-globalCap1,144,48000,258.444490575152
20,D3-globalCap1,144,51000,257.339613589655
20,D3-globalCap1,144,54000,257.084877279854
20,D3-globalCap1,144,57000,256.941221176763
20,D3-globalCap1,144,60000,255.792237399997
20,D3-globalCap2,144,3000,681.744254406276
20,D3-globalCap2,144,6000,641.743919346791
20,D3-globalCap2,144,9000,600.968210866077
20,D3-globalCap2,144,12000,596.89374647256
20,D3-globalCap2,144,15000,588.815716205323
20,D3-globalCap2,144,18000,569.06747793145
20,D3-globalCap2,144,21000,568.841150183837
20,D3-globalCap2,144,24000,566.664195646199
20,D3-globalCap2,144,27000,566.56081008341
20,D3-globalCap2,144,30000,565.603729199647
20,D3-globalCap2,144,33000,565.603729199647
20,D3-globalCap2,144,36000,558.57183450716
20,D3-globalCap2,144,39000,558.57183450716
20,D3-globalCap2,144,42000,557.259471207032
20,D3-globalCap2,144,45000,552.266231485454
20,D3-globalCap2,144,48000,544.143391496864
20,D3-globalCap2,144,51000,543.459233223292
20,D3-globalCap2,144,54000,541.551977185507
20,D3-globalCap2,144,57000,541.428408545788
20,D3-globalCap2,144,60000,539.974978406422
20,D3-globalCap1,145,3000,541.757572271403
20,D3-globalCap1,145,6000,425.732379555432
20,D3-globalCap1,145,9000,368.7862053046
20,D3-globalCap1,145,12000,337.551951683302
20,D3-globalCap1,145,15000,317.682684037773
20,D3-globalCap1,145,18000,309.944725083267
20,D3-globalCap1,145,21000,306.229349477647
20,D3-globalCap1,145,24000,296.300280903999
20,D3-globalCap1,145,27000,295.317476645729
20,D3-globalCap1,145,30000,295.317476645729
20,D3-globalCap1,145,33000,292.309378485557
20,D3-globalCap1,145,36000,292.222402450304
20,D3-globalCap1,145,39000,291.493084675579
20,D3-globalCap1,145,42000,290.580515120757
20,D3-globalCap1,145,45000,285.399950973423
20,D3-globalCap1,145,48000,279.466770513216
20,D3-globalCap1,145,51000,271.0038556896
20,D3-globalCap1,145,54000,269.590472605886
20,D3-globalCap1,145,57000,269.442203787976
20,D3-globalCap1,145,60000,268.790467406036
20,D3-globalCap2,145,3000,370.900561688279
20,D3-globalCap2,145,6000,353.714264746764
20,D3-globalCap2,145,9000,327.388849893083
20,D3-globalCap2,145,12000,295.336620954842
20,D3-globalCap2,145,15000,286.519708057358
20,D3-globalCap2,145,18000,285.450793547225
20,D3-globalCap2,145,21000,280.451407768238
20,D3-globalCap2,145,24000,273.606775636408
20,D3-globalCap2,145,27000,272.380294670801
20,D3-globalCap2,145,30000,271.681540270958
20,D3-globalCap2,145,33000,271.444701090548
20,D3-globalCap2,145,36000,270.641429023381
20,D3-globalCap2,145,39000,266.129076679914
20,D3-globalCap2,145,42000,248.974827367765
20,D3-globalCap2,145,45000,242.28175416133
20,D3-globalCap2,145,48000,240.325180645556
20,D3-globalCap2,145,51000,239.218530620765
20,D3-globalCap2,145,54000,238.63762181402
20,D3-globalCap2,145,57000,237.776420020436
20,D3-globalCap2,145,60000,237.554205999954
28,D3-globalCap1,141,3000,803.039064160171
28,D3-globalCap1,141,6000,648.536095328054
28,D3-globalCap1,141,9000,565.475235166387
28,D3-globalCap1,141,12000,511.103005055281
28,D3-globalCap1,141,15000,480.717816229437
28,D3-globalCap1,141,18000,442.51030155271
28,D3-globalCap1,141,21000,413.627562792209
28,D3-globalCap1,141,24000,407.617156022905
28,D3-globalCap1,141,27000,405.94928483804
28,D3-globalCap1,141,30000,404.057986796572
28,D3-globalCap1,141,33000,401.3889706574
28,D3-globalCap1,141,36000,397.474236935352
28,D3-globalCap1,141,39000,395.850601148658
28,D3-globalCap1,141,42000,394.44218208008
28,D3-globalCap1,141,45000,393.448188838229
28,D3-globalCap1,141,48000,390.998432038299
28,D3-globalCap1,141,51000,379.797135583897
28,D3-globalCap1,141,54000,307.666062110689
28,D3-globalCap1,141,57000,300.456979907278
28,D3-globalCap1,141,60000,300.053629018821
28,D3-globalCap2,141,3000,651.048003944997
28,D3-globalCap2,141,6000,560.473222211511
28,D3-globalCap2,141,9000,517.932740527986
28,D3-globalCap2,141,12000,500.768682805568
28,D3-globalCap2,141,15000,487.408365218546
28,D3-globalCap2,141,18000,477.499270289268
28,D3-globalCap2,141,21000,467.531143736594
28,D3-globalCap2,141,24000,464.173138241725
28,D3-globalCap2,141,27000,461.833700736936
28,D3-globalCap2,141,30000,459.413143595359
28,D3-globalCap2,141,33000,458.337562490059
28,D3-globalCap2,141,36000,454.933433239155
28,D3-globalCap2,141,39000,453.138016647868
28,D3-globalCap2,141,42000,452.041469904582
28,D3-globalCap2,141,45000,450.865620218695
28,D3-globalCap2,141,48000,450.087969269992
28,D3-globalCap2,141,51000,449.436470031409
28,D3-globalCap2,141,54000,448.564637186554
28,D3-globalCap2,141,57000,447.843393033558
28,D3-globalCap2,141,60000,447.001299380682
28,D3-globalCap1,142,3000,624.905854989605
28,D3-globalCap1,142,6000,516.500086920201
28,D3-globalCap1,142,9000,497.609539933008
28,D3-globalCap1,142,12000,484.427053064898
28,D3-globalCap1,142,15000,478.387975676994
28,D3-globalCap1,142,18000,473.780965754947
28,D3-globalCap1,142,21000,469.914627540541
28,D3-globalCap1,142,24000,468.597886601497
28,D3-globalCap1,142,27000,467.443671580363
28,D3-globalCap1,142,30000,444.062811563836
28,D3-globalCap1,142,33000,425.105443548648
28,D3-globalCap1,142,36000,414.494078434053
28,D3-globalCap1,142,39000,413.123506134172
28,D3-globalCap1,142,42000,411.565623059308
28,D3-globalCap1,142,45000,411.097421213969
28,D3-globalCap1,142,48000,410.714114722958
28,D3-globalCap1,142,51000,409.699880877955
28,D3-globalCap1,142,54000,408.463462725801
28,D3-globalCap1,142,57000,407.411780838611
28,D3-globalCap1,142,60000,405.967978790575
28,D3-globalCap2,142,3000,655.460895755195
28,D3-globalCap2,142,6000,539.717925959756
28,D3-globalCap2,142,9000,500.050707021652
28,D3-globalCap2,142,12000,476.039431728923
28,D3-globalCap2,142,15000,473.936135477614
28,D3-globalCap2,142,18000,469.346418078616
28,D3-globalCap2,142,21000,467.247277941858
28,D3-globalCap2,142,24000,462.345479889827
28,D3-globalCap2,142,27000,457.000299840489
28,D3-globalCap2,142,30000,435.86145659951
28,D3-globalCap2,142,33000,411.060440225887
28,D3-globalCap2,142,36000,400.847388486839
28,D3-globalCap2,142,39000,397.831175971081
28,D3-globalCap2,142,42000,396.741172846441
28,D3-globalCap2,142,45000,396.030159842982
28,D3-globalCap2,142,48000,394.688383283663
28,D3-globalCap2,142,51000,391.702100169509
28,D3-globalCap2,142,54000,387.396877329807
28,D3-globalCap2,142,57000,338.389415605147
28,D3-globalCap2,142,60000,304.977905955395
28,D3-globalCap1,143,3000,772.060037804685
28,D3-globalCap1,143,6000,578.995309391859
28,D3-globalCap1,143,9000,506.578047983885
28,D3-globalCap1,143,12000,489.556188392532
28,D3-globalCap1,143,15000,485.294166836817
28,D3-globalCap1,143,18000,483.557222466302
28,D3-globalCap1,143,21000,480.869502486341
28,D3-globalCap1,143,24000,478.39816394525
28,D3-globalCap1,143,27000,476.689982252357
28,D3-globalCap1,143,30000,473.187284363772
28,D3-globalCap1,143,33000,471.088638991047
28,D3-globalCap1,143,36000,467.737832207968
28,D3-globalCap1,143,39000,466.100806377201
28,D3-globalCap1,143,42000,464.674604402387
28,D3-globalCap1,143,45000,463.771628641815
28,D3-globalCap1,143,48000,463.013671520151
28,D3-globalCap1,143,51000,462.570173283299
28,D3-globalCap1,143,54000,462.403970201057
28,D3-globalCap1,143,57000,462.259453441456
28,D3-globalCap1,143,60000,462.15047274284
28,D3-globalCap2,143,3000,1041.70405316096
28,D3-globalCap2,143,6000,680.987366061089
28,D3-globalCap2,143,9000,554.965956503186
28,D3-globalCap2,143,12000,517.061898598219
28,D3-globalCap2,143,15000,501.053156926542
28,D3-globalCap2,143,18000,489.362463055368
28,D3-globalCap2,143,21000,479.653463250334
28,D3-globalCap2,143,24000,471.991310814058
28,D3-globalCap2,143,27000,468.258285331955
28,D3-globalCap2,143,30000,466.811419277149
28,D3-globalCap2,143,33000,464.639320958785
28,D3-globalCap2,143,36000,463.693714304306
28,D3-globalCap2,143,39000,462.988296749026
28,D3-globalCap2,143,42000,462.093412817037
28,D3-globalCap2,143,45000,461.289776119656
28,D3-globalCap2,143,48000,460.238929427901
28,D3-globalCap2,143,51000,459.428625108012
28,D3-globalCap2,143,54000,458.945270693165
28,D3-globalCap2,143,57000,458.698692763575
28,D3-globalCap2,143,60000,458.517451144421
28,D3-globalCap1,144,3000,895.95990980052
28,D3-globalCap1,144,6000,636.975881016354
28,D3-globalCap1,144,9000,583.004630603166
28,D3-globalCap1,144,12000,549.228913512112
28,D3-globalCap1,144,15000,529.81195520153
28,D3-globalCap1,144,18000,517.172566596902
28,D3-globalCap1,144,21000,502.10655490238
28,D3-globalCap1,144,24000,471.622763455999
28,D3-globalCap1,144,27000,421.100835317383
28,D3-globalCap1,144,30000,413.73762275954
28,D3-globalCap1,144,33000,410.119649874112
28,D3-globalCap1,144,36000,408.872224951151
28,D3-globalCap1,144,39000,407.151532255116
28,D3-globalCap1,144,42000,405.55911512237
28,D3-globalCap1,144,45000,404.433516696398
28,D3-globalCap1,144,48000,403.378432088395
28,D3-globalCap1,144,51000,402.144020382297
28,D3-globalCap1,144,54000,400.216919763955
28,D3-globalCap1,144,57000,397.959971123212
28,D3-globalCap1,144,60000,394.994937869953
28,D3-globalCap2,144,3000,757.471754569274
28,D3-globalCap2,144,6000,576.853594474315
28,D3-globalCap2,144,9000,525.207421058582
28,D3-globalCap2,144,12000,480.609656541353
28,D3-globalCap2,144,15000,448.074091143697
28,D3-globalCap2,144,18000,437.660035131222
28,D3-globalCap2,144,21000,435.534640366954
28,D3-globalCap2,144,24000,431.580403309945
28,D3-globalCap2,144,27000,428.74907331981
28,D3-globalCap2,144,30000,427.340877954859
28,D3-globalCap2,144,33000,426.390354707782
28,D3-globalCap2,144,36000,424.944492197333
28,D3-globalCap2,144,39000,423.138661640155
28,D3-globalCap2,144,42000,421.479628170879
28,D3-globalCap2,144,45000,420.269114586261
28,D3-globalCap2,144,48000,419.589809974539
28,D3-globalCap2,144,51000,419.032045251146
28,D3-globalCap2,144,54000,418.730087117749
28,D3-globalCap2,144,57000,418.583935554302
28,D3-globalCap2,144,60000,418.460680848744
28,D3-globalCap1,145,3000,702.337343517336
28,D3-globalCap1,145,6000,595.723703715051
28,D3-globalCap1,145,9000,522.039800281075
28,D3-globalCap1,145,12000,486.014697172204
28,D3-globalCap1,145,15000,450.677304379124
28,D3-globalCap1,145,18000,437.155544341474
28,D3-globalCap1,145,21000,434.821334568971
28,D3-globalCap1,145,24000,434.08022699418
28,D3-globalCap1,145,27000,431.161484951943
28,D3-globalCap1,145,30000,426.882993941689
28,D3-globalCap1,145,33000,425.651138425174
28,D3-globalCap1,145,36000,422.353116174376
28,D3-globalCap1,145,39000,420.382902606336
28,D3-globalCap1,145,42000,419.41357597939
28,D3-globalCap1,145,45000,418.289341943303
28,D3-globalCap1,145,48000,417.356821159606
28,D3-globalCap1,145,51000,415.139315389418
28,D3-globalCap1,145,54000,411.707639828219
28,D3-globalCap1,145,57000,410.097075404254
28,D3-globalCap1,145,60000,409.278265418677
28,D3-globalCap2,145,3000,690.049484047716
28,D3-globalCap2,145,6000,548.434526534166
28,D3-globalCap2,145,9000,499.287814066765
28,D3-globalCap2,145,12000,489.673006959104
28,D3-globalCap2,145,15000,486.566791046095
28,D3-globalCap2,145,18000,485.628769420436
28,D3-globalCap2,145,21000,481.969074762359
28,D3-globalCap2,145,24000,481.410108108905
28,D3-globalCap2,145,27000,477.471598843483
28,D3-globalCap2,145,30000,464.677103792744
28,D3-globalCap2,145,33000,431.928983755669
28,D3-globalCap2,145,36000,413.999169283857
28,D3-globalCap2,145,39000,411.342665792897
28,D3-globalCap2,145,42000,410.38065547833
28,D3-globalCap2,145,45000,408.745181308086
28,D3-globalCap2,145,48000,406.418733609146
28,D3-globalCap2,145,51000,404.778495591238
28,D3-globalCap2,145,54000,403.240147678348
28,D3-globalCap2,145,57000,398.48567600262
28,D3-globalCap2,145,60000,388.065623710808
30,D3-globalCap1,141,3000,6938703.81072802
30,D3-globalCap1,141,6000,3969834.38015756
30,D3-globalCap1,141,9000,2885226.51761951
30,D3-globalCap1,141,12000,2357957.1950488
30,D3-globalCap1,141,15000,2050079.20216812
30,D3-globalCap1,141,18000,1754961.10946956
30,D3-globalCap1,141,21000,1524745.6501609
30,D3-globalCap1,141,24000,1270210.88227873
30,D3-globalCap1,141,27000,1119308.05515633
30,D3-globalCap1,141,30000,1048139.4740896
30,D3-globalCap1,141,33000,952325.866170863
30,D3-globalCap1,141,36000,868068.829387644
30,D3-globalCap1,141,39000,741146.57264132
30,D3-globalCap1,141,42000,718178.907484808
30,D3-globalCap1,141,45000,600267.537755915
30,D3-globalCap1,141,48000,429605.734264705
30,D3-globalCap1,141,51000,213072.980471678
30,D3-globalCap1,141,54000,146059.426788514
30,D3-globalCap1,141,57000,105741.29121392
30,D3-globalCap1,141,60000,50227.7033041921
30,D3-globalCap2,141,3000,9451714.51529528
30,D3-globalCap2,141,6000,5475838.33574374
30,D3-globalCap2,141,9000,4461660.47174793
30,D3-globalCap2,141,12000,1799304.82686373
30,D3-globalCap2,141,15000,1547588.80788807
30,D3-globalCap2,141,18000,1129208.32197163
30,D3-globalCap2,141,21000,971347.29933815
30,D3-globalCap2,141,24000,664924.458129372
30,D3-globalCap2,141,27000,519856.65929328
30,D3-globalCap2,141,30000,461165.282320714
30,D3-globalCap2,141,33000,441968.150206686
30,D3-globalCap2,141,36000,383695.496267696
30,D3-globalCap2,141,39000,339762.564051467
30,D3-globalCap2,141,42000,294031.103454757
30,D3-globalCap2,141,45000,274301.553729047
30,D3-globalCap2,141,48000,163166.499848351
30,D3-globalCap2,141,51000,120558.768862154
30,D3-globalCap2,141,54000,101264.485173959
30,D3-globalCap2,141,57000,76109.0516394084
30,D3-globalCap2,141,60000,54112.602568313
30,D3-globalCap1,142,3000,38439812.7736704
30,D3-globalCap1,142,6000,22522608.2543574
30,D3-globalCap1,142,9000,12978483.5202223
30,D3-globalCap1,142,12000,9789248.36531424
30,D3-globalCap1,142,15000,5645003.41262436
30,D3-globalCap1,142,18000,4172045.82435256
30,D3-globalCap1,142,21000,2642649.91486503
30,D3-globalCap1,142,24000,2375852.99520872
30,D3-globalCap1,142,27000,1992740.35021385
30,D3-globalCap1,142,30000,1787345.82533661
30,D3-globalCap1,142,33000,1514545.02627559
30,D3-globalCap1,142,36000,1207793.77893853
30,D3-globalCap1,142,39000,868518.761211728
30,D3-globalCap1,142,42000,867744.135438342
30,D3-globalCap1,142,45000,795611.381863447
30,D3-globalCap1,142,48000,671523.528932348
30,D3-globalCap1,142,51000,342466.461226284
30,D3-globalCap1,142,54000,248038.627322598
30,D3-globalCap1,142,57000,182205.627432007
30,D3-globalCap1,142,60000,156525.664712535
30,D3-globalCap2,142,3000,20359559.215472
30,D3-globalCap2,142,6000,12450826.1201197
30,D3-globalCap2,142,9000,5155522.54885549
30,D3-globalCap2,142,12000,2744850.72041028
30,D3-globalCap2,142,15000,2043695.40300418
30,D3-globalCap2,142,18000,1386439.24891485
30,D3-globalCap2,142,21000,1165273.73711571
30,D3-globalCap2,142,24000,879860.331775404
30,D3-globalCap2,142,27000,706855.965648152
30,D3-globalCap2,142,30000,592486.209389306
30,D3-globalCap2,142,33000,531429.573342842
30,D3-globalCap2,142,36000,436121.878815095
30,D3-globalCap2,142,39000,375131.080961984
30,D3-globalCap2,142,42000,338871.624425059
30,D3-globalCap2,142,45000,226141.753504075
30,D3-globalCap2,142,48000,81406.4592926539
30,D3-globalCap2,142,51000,31862.1685449244
30,D3-globalCap2,142,54000,18976.4453485852
30,D3-globalCap2,142,57000,13264.9430831076
30,D3-globalCap2,142,60000,7924.57332490618
30,D3-globalCap1,143,3000,10609885.1664396
30,D3-globalCap1,143,6000,6587907.44054434
30,D3-globalCap1,143,9000,4415807.03208961
30,D3-globalCap1,143,12000,4029958.45903928
30,D3-globalCap1,143,15000,2723272.16395045
30,D3-globalCap1,143,18000,1899716.11827604
30,D3-globalCap1,143,21000,1773283.20814485
30,D3-globalCap1,143,24000,1349683.48142326
30,D3-globalCap1,143,27000,1294448.57836002
30,D3-globalCap1,143,30000,1067076.46367553
30,D3-globalCap1,143,33000,1017411.34842259
30,D3-globalCap1,143,36000,849576.373153142
30,D3-globalCap1,143,39000,480572.316072943
30,D3-globalCap1,143,42000,293054.971543539
30,D3-globalCap1,143,45000,160753.050856974
30,D3-globalCap1,143,48000,94457.8531880732
30,D3-globalCap1,143,51000,53785.7963489687
30,D3-globalCap1,143,54000,33633.5798066552
30,D3-globalCap1,143,57000,30784.2218772419
30,D3-globalCap1,143,60000,27519.861847654
30,D3-globalCap2,143,3000,21006223.0176731
30,D3-globalCap2,143,6000,12348188.2670141
30,D3-globalCap2,143,9000,4655949.20431936
30,D3-globalCap2,143,12000,2603915.33512009
30,D3-globalCap2,143,15000,1756621.60148697
30,D3-globalCap2,143,18000,1160036.52743701
30,D3-globalCap2,143,21000,904487.557428619
30,D3-globalCap2,143,24000,796141.462332923
30,D3-globalCap2,143,27000,714025.446285208
30,D3-globalCap2,143,30000,593827.844215525
30,D3-globalCap2,143,33000,514604.529188572
30,D3-globalCap2,143,36000,446728.225251996
30,D3-globalCap2,143,39000,434180.911601504
30,D3-globalCap2,143,42000,404507.414392073
30,D3-globalCap2,143,45000,366804.628522242
30,D3-globalCap2,143,48000,339584.078841236
30,D3-globalCap2,143,51000,300268.664771432
30,D3-globalCap2,143,54000,107888.458239064
30,D3-globalCap2,143,57000,43798.6090348426
30,D3-globalCap2,143,60000,26740.8687465293
30,D3-globalCap1,144,3000,2743401.67019122
30,D3-globalCap1,144,6000,2101480.02873009
30,D3-globalCap1,144,9000,1293054.45670491
30,D3-globalCap1,144,12000,812363.696612468
30,D3-globalCap1,144,15000,668851.655975426
30,D3-globalCap1,144,18000,540185.658434798
30,D3-globalCap1,144,21000,437682.149796274
30,D3-globalCap1,144,24000,272119.420806846
30,D3-globalCap1,144,27000,254872.365378616
30,D3-globalCap1,144,30000,245202.015945076
30,D3-globalCap1,144,33000,216168.407122101
30,D3-globalCap1,144,36000,201459.477054536
30,D3-globalCap1,144,39000,162018.427946807
30,D3-globalCap1,144,42000,149966.540338232
30,D3-globalCap1,144,45000,133513.725742644
30,D3-globalCap1,144,48000,123790.602667755
30,D3-globalCap1,144,51000,113820.886702252
30,D3-globalCap1,144,54000,108408.448828964
30,D3-globalCap1,144,57000,70425.9549093273
30,D3-globalCap1,144,60000,39944.1422180467
30,D3-globalCap2,144,3000,9200682.8745319
30,D3-globalCap2,144,6000,3619280.19390464
30,D3-globalCap2,144,9000,1607335.81632632
30,D3-globalCap2,144,12000,963956.952323911
30,D3-globalCap2,144,15000,468177.979322349
30,D3-globalCap2,144,18000,343064.778582525
30,D3-globalCap2,144,21000,287569.25284357
30,D3-globalCap2,144,24000,273175.246911589
30,D3-globalCap2,144,27000,231566.09163342
30,D3-globalCap2,144,30000,226691.410102644
30,D3-globalCap2,144,33000,172152.153941741
30,D3-globalCap2,144,36000,164102.059715611
30,D3-globalCap2,144,39000,163557.777479192
30,D3-globalCap2,144,42000,154224.614707907
30,D3-globalCap2,144,45000,146886.650488578
30,D3-globalCap2,144,48000,145575.200491845
30,D3-globalCap2,144,51000,129949.346229736
30,D3-globalCap2,144,54000,103288.896025906
30,D3-globalCap2,144,57000,53508.7815271255
30,D3-globalCap2,144,60000,41588.2834391934
30,D3-globalCap1,145,3000,8689240.51011476
30,D3-globalCap1,145,6000,6004011.37156648
30,D3-globalCap1,145,9000,4698969.20685398
30,D3-globalCap1,145,12000,2274127.68690987
30,D3-globalCap1,145,15000,1950539.3813585
30,D3-globalCap1,145,18000,1292923.19935876
30,D3-globalCap1,145,21000,1121326.06784957
30,D3-globalCap1,145,24000,891813.204019881
30,D3-globalCap1,145,27000,788408.324820781
30,D3-globalCap1,145,30000,766249.724045523
30,D3-globalCap1,145,33000,635671.76657614
30,D3-globalCap1,145,36000,554981.304053031
30,D3-globalCap1,145,39000,523502.18691662
30,D3-globalCap1,145,42000,466685.85509208
30,D3-globalCap1,145,45000,436421.731649645
30,D3-globalCap1,145,48000,44578.3315800386
30,D3-globalCap1,145,51000,27557.6534404115
30,D3-globalCap1,145,54000,16744.339453434
30,D3-globalCap1,145,57000,14846.2265255637
30,D3-globalCap1,145,60000,9706.21065768561
30,D3-globalCap2,145,3000,15504437.0997468
30,D3-globalCap2,145,6000,10470212.7577442
30,D3-globalCap2,145,9000,7919430.62972421
30,D3-globalCap2,145,12000,3163875.08155999
30,D3-globalCap2,145,15000,2957883.38896174
30,D3-globalCap2,145,18000,2238821.30992737
30,D3-globalCap2,145,21000,1514882.35715413
30,D3-globalCap2,145,24000,1159505.74836567
30,D3-globalCap2,145,27000,1046189.9504584
30,D3-globalCap2,145,30000,692541.764092662
30,D3-globalCap2,145,33000,350229.350843146
30,D3-globalCap2,145,36000,209587.401863235
30,D3-globalCap2,145,39000,117203.820768707
30,D3-globalCap2,145,42000,59286.425003524
30,D3-globalCap2,145,45000,46942.283437566
30,D3-globalCap2,145,48000,43086.7303359656
30,D3-globalCap2,145,51000,30739.5443735919
30,D3-globalCap2,145,54000,20241.9196047023
30,D3-globalCap2,145,57000,17314.7361706189
30,D3-globalCap2,145,60000,16375.0840454012
