Function,Algorithm,Runs,MeanError,StdError,MedianError,MeanSeconds,TracingFEShare,TraceFreeRoundRate,BalancedModeRate,Action1Share,Action2Share,Action3Share,Action4Share
F03,Q-learning,3,2.3645618212005,1.48508446555154,1.56991552904077,31.6602992,0.0877123965105295,0.615538801182355,0.424103011856738,0.0838656619388695,0.0720435338774545,0.0724671283332645,0.771623675850411
F03,Random,3,9.57017621956695,0.68017279156047,9.36801890132892,37.0463020666667,0.0531999777740735,0.751453492593289,0.337630665355066,0.249354811121494,0.250894212266693,0.249482313728542,0.250268662883271
F03,Fixed-A1,3,21395.8076189481,22394.5116401107,17413.3463870028,42.2568199333333,0.0543123853975663,0.768703953689331,0.238334750172153,1,0,0,0
F03,Fixed-A2,3,21395.8076189481,22394.5116401107,17413.3463870028,42.6154746,0.0543123853975663,0.768703953689331,0.238334750172153,1,0,0,0
F03,Fixed-A3,3,28039.9930867291,17332.4141170201,32039.9403563368,31.0731067,0.275491470800689,0.24949361840849,0.289018369855366,0,0,1,0
F03,Fixed-A4,3,21395.8076189481,22394.5116401107,17413.3463870028,40.6623436666667,0.0543123853975663,0.768703953689331,0.238334750172153,1,0,0,0
F05,Q-learning,3,229.3945012987,45.8554658862349,205.958833316658,30.4160697,0.090432849919431,0.602351969807108,0.406471000130486,0.0764346759938915,0.0700152339483278,0.0699877622408778,0.783562327816903
F05,Random,3,189.381340982362,39.2117732308389,208.024236632911,36.0226094,0.0592432072012002,0.721244922459249,0.364302624375438,0.249347897188383,0.250898474927225,0.249486418963479,0.250267208920912
F05,Fixed-A1,3,221.874391153963,51.4973422858673,243.330301196598,40.4960538333333,0.0212513196643885,0.900681815466537,0.237645977398792,1,0,0,0
F05,Fixed-A2,3,221.874391153963,51.4973422858673,243.330301196598,41.0277114333333,0.0212513196643885,0.900681815466537,0.237645977398792,1,0,0,0
F05,Fixed-A3,3,228.834263850105,17.8295552593524,221.173962663105,30.8621211,0.241406901150192,0.24977013381971,0.211102848842909,0,0,1,0
F05,Fixed-A4,3,221.874391153963,51.4973422858673,243.330301196598,39.5724984333333,0.0212513196643885,0.900681815466537,0.237645977398792,1,0,0,0
F10,Q-learning,3,3780.72127874988,485.151692348002,3967.02403445442,37.3257097,0.0873278879813302,0.617732809544337,0.421422313882922,0.0730575024372149,0.0698722710636424,0.0704882209145857,0.786582005584557
F10,Random,3,3487.69223893093,547.491731803066,3513.47691684438,41.4713455666667,0.0533544479635495,0.751292979655469,0.342499461837162,0.249315996074135,0.25089411741739,0.249504284091686,0.250285602416788
F10,Fixed-A1,3,5001.21057709593,1317.20683690727,4829.39449985266,53.0363445333333,0.0662365949880536,0.716278299634724,0.3060934421263,1,0,0,0
F10,Fixed-A2,3,5001.21057709593,1317.20683690727,4829.39449985266,48.2178628,0.0662365949880536,0.716278299634724,0.3060934421263,1,0,0,0
F10,Fixed-A3,3,6294.18428255539,643.739506907978,6524.15466776343,46.3851039333333,0.389679391009613,0.094042031750918,0.305024007542285,0,0,1,0
F10,Fixed-A4,3,5001.21057709593,1317.20683690727,4829.39449985266,45.8318489666667,0.0662365949880536,0.716278299634724,0.3060934421263,1,0,0,0
F13,Q-learning,3,113874.276884211,33585.6753774087,106230.304769305,44.6809099,0.0909240428960382,0.599874639765429,0.411858894242446,0.0746033889770052,0.0696360632146125,0.0697130661945817,0.786047481613801
F13,Random,3,102209.810194099,49165.5253328024,87156.9816312912,50.9065051,0.0621681391343002,0.706421248226592,0.348641376099512,0.249349250481957,0.25089441340244,0.249482206820101,0.250274129295501
F13,Fixed-A1,3,416069.480089998,572191.484322518,105404.913407058,59.3855138666667,0.0822170361726954,0.649159145136809,0.309851099249008,1,0,0,0
F13,Fixed-A2,3,416069.480089998,572191.484322518,105404.913407058,60.4434342666667,0.0822170361726954,0.649159145136809,0.309851099249008,1,0,0,0
F13,Fixed-A3,3,128865468.565164,25476965.1439554,138563143.468512,46.9337553333333,0.374672445407568,0.102510675368972,0.373408908039217,0,0,1,0
F13,Fixed-A4,3,416069.480089998,572191.484322518,105404.913407058,56.7142492666667,0.0822170361726954,0.649159145136809,0.309851099249008,1,0,0,0
F15,Q-learning,3,49310.2525316638,55739.2502363763,23654.6874381579,38.5297971,0.0898549758293049,0.605302452215177,0.389637522262648,0.086089935113816,0.069067884649609,0.069700690400398,0.775141489836177
F15,Random,3,40114.1151549109,19603.4506362595,42637.685428345,43.6110093333333,0.0607023392787687,0.713828435789513,0.357769814284171,0.249342333228691,0.250893028186253,0.249491873162284,0.250272765422772
F15,Fixed-A1,3,3624692.25759479,3279358.19278565,4463233.40323608,48.4846977,0.0717464021781408,0.69224489289017,0.333500513584101,1,0,0,0
F15,Fixed-A2,3,3624692.25759479,3279358.19278565,4463233.40323608,50.5732585,0.0717464021781408,0.69224489289017,0.333500513584101,1,0,0,0
F15,Fixed-A3,3,15216537.1846305,15039586.6736656,12717529.8793871,37.4712384666667,0.38578318608657,0.0978825348763694,0.37035286494927,0,0,1,0
F15,Fixed-A4,3,3624692.25759479,3279358.19278565,4463233.40323608,48.4406473,0.0717464021781408,0.69224489289017,0.333500513584101,1,0,0,0
F19,Q-learning,3,101159.664092467,105095.625742873,77836.7860506569,36.3845155666667,0.0907940212257599,0.600521871441661,0.401431647514853,0.0819586917582495,0.0704726320247307,0.069867662485409,0.777701013731611
F19,Random,3,3771.44732872819,4569.50785363439,1397.6801789199,43.7575445,0.0617280657887426,0.708698836519785,0.356044272056705,0.249349335958505,0.250894475532236,0.249493366301609,0.25026282220765
F19,Fixed-A1,3,16399995.6045916,27524192.9276416,1021259.91145717,50.9901758,0.0707151191865311,0.698398332933371,0.319783479482167,1,0,0,0
F19,Fixed-A2,3,16399995.6045916,27524192.9276416,1021259.91145717,50.5596332666667,0.0707151191865311,0.698398332933371,0.319783479482167,1,0,0,0
F19,Fixed-A3,3,24473212.1276875,20552092.8711177,24442731.511831,41.2974953,0.367703506139912,0.110683244924307,0.371118600069272,0,0,1,0
F19,Fixed-A4,3,16399995.6045916,27524192.9276416,1021259.91145717,46.2102149666667,0.0707151191865311,0.698398332933371,0.319783479482167,1,0,0,0
F25,Q-learning,3,387.2217763823,0.284656323783648,387.162074743777,36.9445433,0.0880746791131855,0.611450683513241,0.401485917162565,0.125931659333095,0.0709076855556206,0.0733848703958109,0.729775784715473
F25,Random,3,385.855103635865,1.96433285046272,386.910271532339,45.3529314,0.0659120964605212,0.688080485989875,0.356932756015785,0.24933964467997,0.250884749183727,0.24949472318094,0.250280882955363
F25,Fixed-A1,3,432.089806584556,54.8924577481695,405.99541478399,47.5658351333333,0.0250419514363505,0.881444404981779,0.213367755929534,1,0,0,0
F25,Fixed-A2,3,432.089806584556,54.8924577481695,405.99541478399,49.2004359,0.0250419514363505,0.881444404981779,0.213367755929534,1,0,0,0
F25,Fixed-A3,3,636.767538065003,380.603156688333,426.781968348232,31.4599332666667,0.192367616825026,0.419635996121932,0.225737359897693,0,0,1,0
F25,Fixed-A4,3,432.089806584556,54.8924577481695,405.99541478399,44.4647113666667,0.0250419514363505,0.881444404981779,0.213367755929534,1,0,0,0
F28,Q-learning,3,418.128601637302,34.7564260346273,407.716319475512,32.8796547333333,0.0889792743234984,0.607441846796358,0.405463847431782,0.110663067278387,0.0717318648342443,0.0749451986967408,0.742659869190628
F28,Random,3,374.110237539704,64.0470373687438,407.877084433734,37.1763812333333,0.0652119797744068,0.690928113974661,0.336787537760932,0.249347862964551,0.250904207295452,0.249480822893443,0.250267106846554
F28,Fixed-A1,3,466.614182451925,14.2722566086324,459.91150038433,42.1135189,0.0317319553258876,0.856917138921869,0.243785565769849,1,0,0,0
F28,Fixed-A2,3,466.614182451925,14.2722566086324,459.91150038433,42.0415413333333,0.0317319553258876,0.856917138921869,0.243785565769849,1,0,0,0
F28,Fixed-A3,3,1791.87007215152,1711.99728797774,898.352176337542,34.781577,0.402447074512419,0.0863966665293856,0.25151741147399,0,0,1,0
F28,Fixed-A4,3,466.614182451925,14.2722566086324,459.91150038433,40.9164846,0.0317319553258876,0.856917138921869,0.243785565769849,1,0,0,0
F30,Q-learning,3,1225801.45093787,822785.113080566,1188720.07112457,37.4689901,0.0891470800689004,0.607519602513467,0.406274924064203,0.0879571036877822,0.071395412874773,0.0701461309366348,0.77050135250081
F30,Random,3,128401.689350209,39998.3189757193,132470.584325827,42.0981484333333,0.060865699838862,0.712911556687434,0.352373526209654,0.249343725981288,0.250894365366223,0.249493344873355,0.250268563779134
F30,Fixed-A1,3,25602821.4645472,44260585.2135946,91598.3708915654,47.07142,0.0704139578818692,0.703453503093716,0.272166553923358,1,0,0,0
F30,Fixed-A2,3,25602821.4645472,44260585.2135946,91598.3708915654,46.9888901333333,0.0704139578818692,0.703453503093716,0.272166553923358,1,0,0,0
F30,Fixed-A3,3,21915266.4534219,21916883.7976217,21197632.7231437,37.9553251,0.334681335778185,0.140232224456654,0.248488273893577,0,0,1,0
F30,Fixed-A4,3,25602821.4645472,44260585.2135946,91598.3708915654,45.051267,0.0704139578818692,0.703453503093716,0.272166553923358,1,0,0,0
