Function,Algorithm,SMP,Runs,MeanError,StdError,MedianError,MinError,MeanSeconds,MeanError30FE,MeanError60FE,MeanError80FE,MeanParentCoverage,MeanConcentration,SeekingSuccessRate,MeanSeekingGlobalImprovements,MeanDiversity
F01,V1-Elite-SMP3,3,3,4277.04753349298,3148.3036218225,3743.52034716476,1429.59738138089,37.4358272666667,11050882.5913035,4116332.89391372,1229315.76774683,2.34537422903817,0.478805726880436,0.022240743827675,307,88.4344974071586
F03,V1-Elite-SMP3,3,3,0.758242315177559,0.531322467176331,0.871776605760886,0.179329560144083,36.8656477,2866.94147609155,286.252107569361,33.8404194193313,2.07384564094016,0.539145413124472,0.0135744846363283,376,176.77098994805
F06,V1-Elite-SMP3,3,3,24.6104136792858,9.65801175815944,23.3026525301526,15.6729173087334,37.1006569333333,32.0488241861008,28.359693836531,27.0088662346742,2.08829249319331,0.535935001512664,0.00672704710044267,132.666666666667,129.21709140912
F09,V1-Elite-SMP3,3,3,1118.95925659378,801.610751639699,1150.44482797489,302.069610932802,35.5172155666667,1684.7120775968,1375.97204536337,1272.34333471366,2.03848974829138,0.54700227815755,0.00431182974940268,103,100.633314533758
F10,V1-Elite-SMP3,3,3,3310.38603695324,439.616029560858,3357.83323796808,2848.97096316384,36.8159201333333,3878.13313109637,3536.16863189922,3394.49103012529,2.10876812802134,0.531384860439768,0.00538052638402697,101,238.918823424938
F12,V1-Elite-SMP3,3,3,959518.522629765,450518.543671619,982355.641058271,498015.740510057,35.7067642,1547826.6728292,1202263.72967214,1044592.16032409,2.1649663832861,0.518896359269811,0.0193013650423219,295.666666666667,116.434834109564
F15,V1-Elite-SMP3,3,3,248.755583135441,94.9432960385583,207.671113973313,181.273507109066,34.9785808333333,937.076449891547,874.206502711841,521.690691752613,2.20786797799633,0.509362671556414,0.0332110907373451,535.333333333333,173.385960504881
F19,V1-Elite-SMP3,3,3,4316.80351289623,3586.16069250772,2970.71113917277,1598.45249454296,40.6981508333333,9649.37777487758,6254.40360238928,4358.12488002359,2.12199255431461,0.528446099041259,0.031405234205701,504.666666666667,171.824715700871
F22,V1-Elite-SMP3,3,3,1257.66122374758,2005.01454835678,100.066031963597,100.065037085819,37.9285583,1363.97371380239,1319.29726834335,1284.35897210868,2.34945268655887,0.477899402986949,0.0143116445333482,250.666666666667,147.71281980907
F26,V1-Elite-SMP3,3,3,1771.4995689556,1292.36904151568,2291.88356003658,300.061060174252,34.1459992,1932.26592076811,1867.97397116132,1789.70237809486,2.19921653608935,0.511285214202421,0.0129817932618399,274.666666666667,111.704259014324
