Function,FunctionID,Algorithm,Runs,MeanError,StdError,MedianError,MinError,MeanSeconds,MeanError30FE,MeanError60FE,MeanError80FE
F03,3,V1-Reference,5,7083.85944879249,3580.28167118461,6261.71561918109,3455.47212546905,12.03206646,42204.3502470217,17529.7141356436,11247.8061737574
F03,3,D2-VirtualTracing,5,28119.4008341276,7718.50408078001,26931.6863521755,20061.0726081634,12.13851002,60092.4470348772,39507.9256739865,33504.8437849262
F06,6,V1-Reference,5,29.131487786995,6.69992860739359,29.8703756426694,21.0902204801246,11.95331604,34.9944129259377,32.1293476343722,31.0506060246628
F06,6,D2-VirtualTracing,5,22.5134193873201,8.44892664148732,20.8859826870492,14.9793253031396,11.96286652,32.2294192127129,26.4935938192765,24.1990129918264
F09,9,V1-Reference,5,2103.52405079422,1225.70731248161,1383.31046491676,1003.55734753573,11.2910888,3871.05797029984,3026.36307018819,2721.45064044723
F09,9,D2-VirtualTracing,5,935.877282989497,474.193324788707,851.032798166482,391.878259817758,11.3855051,1912.42664686561,1220.63076539607,1028.18691856399
F12,12,V1-Reference,5,880868.841508359,590091.607191518,799261.42170946,270053.390367525,11.7052538,5848506.33965863,1967837.20385491,1173407.68935938
F12,12,D2-VirtualTracing,5,4588107.00504884,2958454.28632892,5570248.55924616,975936.764408892,11.85549914,15255966.6329435,9075676.36346485,5968633.94819374
F13,13,V1-Reference,5,22500.3355691464,12179.7697802019,20442.8927463662,7899.53550925499,9.76522576,65035.4550589584,29224.5604004834,23967.7486515934
F13,13,D2-VirtualTracing,5,79700.0186829089,50896.1497544724,82689.4363671909,23881.4202859421,9.85334828,440359.930501473,161593.372446845,97852.3711524556
F20,20,V1-Reference,5,411.261200782696,137.285628784513,425.938432706393,255.089286422875,10.76334448,425.929020114883,417.710882674481,414.977028929467
F20,20,D2-VirtualTracing,5,296.376424873447,113.993063262861,303.839745631984,125.177813444857,10.92900994,397.397668014611,316.901447497633,305.004138627476
F28,28,V1-Reference,5,408.633204907948,6.84224872474803,409.510602834569,401.261644143403,10.4297404,462.931322065357,424.73618553281,411.362669814882
F28,28,D2-VirtualTracing,5,442.472711244853,38.497829986313,439.783995045386,401.087729422616,10.53672912,514.331398067867,468.767016064836,451.134801750852
F30,30,V1-Reference,5,38617.5574149828,6876.91635422985,39262.8300116168,27900.3946525529,11.090466,231842.632787258,65483.0006128106,46480.1652118908
F30,30,D2-VirtualTracing,5,216461.848790108,141699.974027582,168616.198273086,81298.9186072346,11.19129554,967375.088546894,369097.743453024,285474.55564569
