Function,FunctionID,D3MeanError,D3StdError,D3MeanSeconds,D1MeanError,D1StdError,D1MeanSeconds,CLPSOMeanError,CLPSOStdError,CLPSOMeanSeconds,LSHADEMeanError,LSHADEStdError,LSHADEMeanSeconds,D3WinsVsD1,D3WinsVsCLPSO,D3WinsVsLSHADE
F01,1,726.6545123988045,1173.5923044317894,8.42303216,3695.154967233044,1611.0516190667113,8.34283992,40599411.1551889,5585436.973957504,0.48125694,4.7218284748851166e-08,9.364207297728363e-08,0.44965664000000005,1,1,0
F03,3,6267.207562275381,2111.6843207436,8.2144239,2315.9576558994518,573.3652059740509,8.16040146,105685.79982491075,18354.76938319757,0.4814719800000001,54112.683000087934,49901.14013312733,0.39095534,0,1,1
F04,4,96.12578732249146,13.860730305901374,8.20551082,85.8764501330519,17.651474976581508,8.12368718,198.23940308465163,17.987318153780322,0.43683854,64.68216399457756,10.850348107391595,0.37055186,0,1,0
F05,5,93.83935907867242,27.702665834586515,8.19033018,137.2766697225686,11.38735263610826,8.133603820000001,138.7881276753726,19.436140181440056,0.51394524,28.766096744757657,14.542916587454522,0.4107654399999999,1,1,0
F06,6,2.5995971878950077,2.757073135058638,8.443351320000001,29.14827461251166,8.321911551064902,8.36564798,3.4849190898386957,0.49280733553199857,0.72656846,0.08473790528464627,0.10242128715961525,0.65335934,1,1,0
F07,7,129.2056164471384,27.687422863546377,8.447178560000001,201.051534816593,32.02342131398241,8.336386280000001,177.654342224147,16.656684682321348,0.50803484,55.27667349835374,6.18224365701358,0.42382292,1,1,0
F08,8,74.8231804090835,22.242419017819724,8.18383932,140.3792996960836,16.782727738010102,8.10484244,150.9645331702346,8.563828440422405,0.51190258,26.165616250948524,3.262839367571523,0.41702399999999995,1,1,0
F09,9,21.84268467183731,23.097598447648206,8.14291926,1703.1820465971264,1455.36211181944,8.097526599999998,1762.573968812262,550.1164428010832,0.5320033399999999,10.153344283387034,4.039884018519048,0.42296964,1,1,0
F10,10,3833.6674628776395,637.544436212957,8.180110500000001,3449.25803268143,430.12239371915456,8.12078352,4937.315145147938,433.1413436339231,0.5751766999999999,1973.3006433360017,527.5011714806005,0.48536582,0,1,0
F11,11,142.42928721373974,57.18404018349431,8.040339059999999,137.9700984593268,42.55317348854457,7.97108528,327.74956269298,44.13822374843008,0.45624370000000003,98.50600693809892,45.55853230346091,0.3935738,0,1,0
F12,12,694792.0589959333,625364.5671520429,8.18789836,348707.1290251816,279872.09091433603,8.10705874,42185477.24985838,12963981.02209237,0.4774655,12219.433935031751,6243.427915889328,0.42788018,0,1,0
F13,13,51645.58263653605,36969.5439159306,8.046284960000001,14782.745702479928,7331.324076945513,8.027028640000001,10876797.230578084,9935380.994456891,0.45312110000000005,105.84927418264934,18.155247921409657,0.40383714,0,1,0
F14,14,7777.237138381213,8151.8936766315455,8.288468439999999,15529.511143220696,15886.787572777315,8.2545666,146663.78836010495,74257.53038448434,0.5190933799999999,90.37710381989193,16.1708974983874,0.46155112000000004,1,1,0
F15,15,13159.409673542827,12549.172431000827,8.20307404,6181.672053223592,3831.0882450183135,8.141053000000001,171768.823370032,72388.22476159556,0.42912333999999996,211.5185594238746,59.997069096323855,0.37998035999999996,0,1,0
F16,16,664.557252179588,307.97445903425876,8.377381860000002,699.8919239576984,127.44423856754115,8.393091479999999,1047.1243126217687,99.69732208533163,0.49463884,471.4717579413767,168.1383691586915,0.43407306000000007,1,1,0
F17,17,289.2211132818732,85.41631752409295,8.476171840000001,215.78898331247342,119.4061147312751,8.469141220000001,265.47099728957977,51.19107824927155,0.64388364,96.11317891657713,42.67198666728309,0.5820732399999999,0,0,0
F18,18,252069.3460957305,157246.75506993665,8.23099106,231768.3303484888,59533.95682486908,8.16402354,656744.5475934825,544293.2738915285,0.4758132,201.87351286999422,125.66925443836703,0.4128145200000001,0,1,0
F19,19,6154.842169060284,5226.25601738815,9.25083942,2690.071001987612,3839.194088486508,9.20739878,163204.18833490528,91552.58559664186,1.5135,75.0365040587601,51.900663789159,1.4764622600000004,0,1,0
F20,20,272.6191275669254,148.13949708713776,8.25041426,458.72773244216444,181.02120749576494,8.24090206,339.9660983308238,137.03453730182306,0.6765539599999999,85.7621684383029,43.29735546907443,0.6222736,1,1,0
F21,21,281.2814279380674,26.253398619213232,8.39563686,318.1405418605154,22.718266860912685,8.324762459999999,344.3435806672634,7.341880843099817,0.7923146400000001,224.4124711811734,5.999339969652307,0.7026155399999999,1,1,0
F22,22,660.3754909609934,1253.0191959503582,8.5019682,2230.219579149979,1972.385685731364,8.46089948,809.6485252081704,196.13957833650173,0.8902859600000002,434.91775935607154,748.8988767920878,0.7664279599999999,1,1,0
F23,23,446.3781003309364,39.423977453891446,8.54314552,509.93723593273216,28.86010500708569,8.492219239999999,507.07385813360463,21.079117005401546,0.93692168,377.2296838055118,12.028750661927543,0.86532456,1,1,0
F24,24,526.5943446868675,29.132660553074206,8.618644660000001,565.4419317529298,22.10248165937026,8.590226620000001,625.5898173261639,19.796931447753025,0.9858859600000001,440.45459617931283,5.1924606739176475,0.90947748,1,1,0
F25,25,385.49008582803816,1.8651790226241776,8.51654914,391.6983403540598,10.362932023499805,8.46775566,450.0020804093518,12.067068736012967,0.9281657000000001,387.6677005734368,0.7163431999889669,0.83266262,1,1,1
F26,26,1678.9862264456672,840.1840578191758,8.73517156,1142.7821289976014,1245.994680036958,8.70206048,2688.440409828444,108.59298662147533,1.1006067400000004,1317.429802582888,107.1606590136985,1.0323805,0,1,0
F27,27,537.5897582649279,18.308070460707178,8.98348754,534.8983078656094,14.308928507413542,8.949859739999999,541.0235732622193,7.63983056888176,1.2075602399999998,514.6852518512508,5.8292030473208305,1.1457356600000002,0,1,0
F28,28,397.3861200982978,48.48303056966169,8.92822534,396.5983491835956,70.58256237803815,8.830139500000001,710.7072749986994,65.87783216222749,1.0983692600000001,438.1928779918816,33.573423551635976,1.04716274,0,1,1
F29,29,792.680359833498,212.6438986295113,8.628435360000001,868.0217745267801,133.6867993245627,8.53229798,927.4544417879067,81.93477275200347,0.90525536,482.11416099994756,48.18786118099884,0.83385706,1,1,0
F30,30,63830.10315923342,47135.36187298307,9.5137574,22021.173158304562,18194.688582844443,9.44280466,950173.1072126173,142571.43646095268,1.78765866,2618.5969043397517,582.6282313207385,1.7318209600000003,0,1,0
