K,Population,Dimension,Run,Seed,Evaluations,Feasible,Distance,Cost,Late,DepotLate,Obstacle,Terrain,Angle,FirstFeasible,Seconds,MaxTurnAngle,MaxClimbAngle,Smoothness
1,30,43,1,20274001,10000,0,417.127226335948,110420.651076057,0,0,1,0,0,,27.7037092,55.50857689460954,14.31860025800521,1.7619248607511144
1,60,43,1,20274001,10000,1,493.929610982448,497.673470966658,0,0,0,0,0,2039.0,35.5726042,23.682847090852903,16.744123561958855,1.8595515025411276
1,30,43,2,20274002,10000,1,415.712427818292,418.062915345267,0,0,0,0,0,2291.0,36.2890259,83.23896173456868,16.24963454899793,1.175243763487342
1,60,43,2,20274002,10000,1,458.529319058188,463.128559740872,0,0,0,0,0,320.0,35.2852399,20.117982666676717,14.596526431256834,2.2996203413418033
1,30,43,3,20274003,10000,1,361.433484151269,362.295185843141,0,0,0,0,0,643.0,34.8051506,63.81617836047422,19.074813030864405,0.43085084593602563
1,60,43,3,20274003,10000,1,443.043648306187,449.289293306225,0,0,0,0,0,1655.0,35.093348,46.074724403762154,19.27108716209409,3.122822500019268
2,30,76,1,20274001,10000,1,488.009071988102,496.333111046428,0,0,0,0,0,1794.0,50.073598,58.87052638164008,24.985749707376083,4.162019529162994
2,60,76,1,20274001,10000,1,488.45410978934,498.390887663046,0,0,0,0,0,5635.0,49.5193845,88.69198908703643,20.456858609275923,4.968388936852976
2,30,76,2,20274002,10000,1,485.347736886289,494.198199823278,0,0,0,0,0,2635.0,49.3332905,52.14838225863202,22.010049805451178,4.4252314684945215
2,60,76,2,20274002,10000,1,498.081190568955,511.192993858904,0,0,0,0,0,2598.0,52.7978907,29.902064133055784,23.350404668635456,6.555901644974207
2,30,76,3,20274003,10000,1,510.897829557532,524.6945670684,0,0,0,0,0,4872.0,37.2836898,61.74841789431811,24.375903323972476,6.898368755433995
2,60,76,3,20274003,10000,1,516.550505329571,527.029403851472,0,0,0,0,0,5872.0,36.0983018,97.44211572303462,20.49027155716341,5.239449260950567
